id_str	WorkerID_1	Label1	WorkerID_2	Label2	WorkerID_3	Label3
1240810601808408576	A681XM15AN28F	0	AXQWKUJF7SQXP	0	A681XM15AN28F	1
1240892523892985856	A681XM15AN28F	0	AXQWKUJF7SQXP	0	A681XM15AN28F	1
1240909818090536960	A681XM15AN28F	0	AXQWKUJF7SQXP	0	AXQWKUJF7SQXP	0
1240913628720558080	A681XM15AN28F	0	AXQWKUJF7SQXP	0	AXQWKUJF7SQXP	1
1240928520609476608	A681XM15AN28F	1	AXQWKUJF7SQXP	1	AXQWKUJF7SQXP	0
1240949424777396224	AXQWKUJF7SQXP	1	A681XM15AN28F	0	A681XM15AN28F	0
1240951415675047936	AXQWKUJF7SQXP	1	A681XM15AN28F	0	A681XM15AN28F	1
1240985424685719558	AXQWKUJF7SQXP	1	A681XM15AN28F	0	A681XM15AN28F	0
1240994620894412802	A681XM15AN28F	0	A2UF2FRGVW4T89	1	AXQWKUJF7SQXP	1
1241017038606192640	A681XM15AN28F	0	A2UF2FRGVW4T89	1	AXQWKUJF7SQXP	0
1241130471913713666	A681XM15AN28F	0	A2UF2FRGVW4T89	0	AXQWKUJF7SQXP	0
1241163222582849538	A681XM15AN28F	0	AXQWKUJF7SQXP	0	AXQWKUJF7SQXP	0
1241167885814263808	A681XM15AN28F	0	AXQWKUJF7SQXP	0	AXQWKUJF7SQXP	0
1241174233713000448	A681XM15AN28F	0	AXQWKUJF7SQXP	0	AXQWKUJF7SQXP	0
1241196614695268352	A681XM15AN28F	0	A681XM15AN28F	0	AXQWKUJF7SQXP	0
1241211658191552515	A681XM15AN28F	0	A681XM15AN28F	0	AXQWKUJF7SQXP	0
1241232297161969664	A681XM15AN28F	0	A681XM15AN28F	0	AXQWKUJF7SQXP	0
1241238105593491456	A681XM15AN28F	0	AE03LUY7RH400	0	A681XM15AN28F	0
1245410377208221701	A681XM15AN28F	1	AE03LUY7RH400	1	A681XM15AN28F	1
1245450598457040896	A681XM15AN28F	0	AE03LUY7RH400	0	A681XM15AN28F	0
1245450865613275136	A681XM15AN28F	0	AXQWKUJF7SQXP	1	AXQWKUJF7SQXP	0
1245462770167869440	A681XM15AN28F	0	AXQWKUJF7SQXP	0	AXQWKUJF7SQXP	0
1245472330521784321	A681XM15AN28F	0	AXQWKUJF7SQXP	0	AXQWKUJF7SQXP	0
1245525740092719105	A681XM15AN28F	0	A681XM15AN28F	0	A681XM15AN28F	0
1264423003275706368	A681XM15AN28F	0	A681XM15AN28F	0	A681XM15AN28F	0
1264424788023361536	A681XM15AN28F	0	A681XM15AN28F	0	A681XM15AN28F	0
1264434876452728834	AXQWKUJF7SQXP	1	A681XM15AN28F	0	AE03LUY7RH400	1
1245552278855200768	AXQWKUJF7SQXP	0	A681XM15AN28F	0	AE03LUY7RH400	0
1264442651790761989	AXQWKUJF7SQXP	0	A681XM15AN28F	0	AE03LUY7RH400	0
1263631265204334594	A681XM15AN28F	0	AXQWKUJF7SQXP	0	AE03LUY7RH400	0
1264457235888959488	A681XM15AN28F	0	AXQWKUJF7SQXP	0	AE03LUY7RH400	1
1245571416709148672	A681XM15AN28F	0	AXQWKUJF7SQXP	0	AE03LUY7RH400	0
1231807082204020736	A681XM15AN28F	0	AXQWKUJF7SQXP	0	A681XM15AN28F	1
1245575096690823169	A681XM15AN28F	0	AXQWKUJF7SQXP	1	A681XM15AN28F	1
1231809473074745344	A681XM15AN28F	0	AXQWKUJF7SQXP	0	A681XM15AN28F	0
1263649578055655427	AXQWKUJF7SQXP	0	AXQWKUJF7SQXP	0	A681XM15AN28F	1
1245578921606672387	AXQWKUJF7SQXP	0	AXQWKUJF7SQXP	0	A681XM15AN28F	0
1264476447520878592	AXQWKUJF7SQXP	0	AXQWKUJF7SQXP	0	A681XM15AN28F	1
1245595371968983040	A2UF2FRGVW4T89	0	AXQWKUJF7SQXP	0	AXQWKUJF7SQXP	0
1264496703110930433	A2UF2FRGVW4T89	1	AXQWKUJF7SQXP	0	AXQWKUJF7SQXP	1
1245601668739162113	A2UF2FRGVW4T89	0	AXQWKUJF7SQXP	0	AXQWKUJF7SQXP	0
1264510203589844993	AE03LUY7RH400	0	AXQWKUJF7SQXP	0	AXQWKUJF7SQXP	0
1263684189712289795	AE03LUY7RH400	0	AXQWKUJF7SQXP	0	AXQWKUJF7SQXP	0
1264515760820563968	AE03LUY7RH400	0	AXQWKUJF7SQXP	0	AXQWKUJF7SQXP	1
1231864205898158081	A681XM15AN28F	0	AXQWKUJF7SQXP	0	A681XM15AN28F	0
1231867342222741504	A681XM15AN28F	0	AXQWKUJF7SQXP	0	A681XM15AN28F	0
1263692182143135746	A681XM15AN28F	0	AXQWKUJF7SQXP	1	A681XM15AN28F	0
1231871324198293507	AXQWKUJF7SQXP	1	AE03LUY7RH400	1	AE03LUY7RH400	1
1263698803749781504	AXQWKUJF7SQXP	1	AE03LUY7RH400	1	AE03LUY7RH400	1
1245633660742557698	AXQWKUJF7SQXP	0	AE03LUY7RH400	1	AE03LUY7RH400	0
1264537205298561027	AXQWKUJF7SQXP	0	AE03LUY7RH400	0	AXQWKUJF7SQXP	0
1263711259918241793	AXQWKUJF7SQXP	0	AE03LUY7RH400	0	AXQWKUJF7SQXP	0
1264549608836878336	AXQWKUJF7SQXP	0	AE03LUY7RH400	0	AXQWKUJF7SQXP	0
1265864858412744705	A681XM15AN28F	0	AXQWKUJF7SQXP	0	AE03LUY7RH400	0
1265876448721567744	A681XM15AN28F	0	AXQWKUJF7SQXP	0	AE03LUY7RH400	0
1263809786849587200	A681XM15AN28F	0	AXQWKUJF7SQXP	0	AE03LUY7RH400	0
1263810581615656960	A681XM15AN28F	0	A681XM15AN28F	0	AXQWKUJF7SQXP	1
1263811311068037122	A681XM15AN28F	0	A681XM15AN28F	0	AXQWKUJF7SQXP	1
1265923090371903490	A681XM15AN28F	0	A681XM15AN28F	0	AXQWKUJF7SQXP	1
1265932491589775361	AXQWKUJF7SQXP	0	AE03LUY7RH400	0	A681XM15AN28F	0
1265941878928785415	AXQWKUJF7SQXP	0	AE03LUY7RH400	0	A681XM15AN28F	0
1265945771733475328	AXQWKUJF7SQXP	1	AE03LUY7RH400	1	A681XM15AN28F	0
1265958560875163648	A681XM15AN28F	0	AXQWKUJF7SQXP	0	AE03LUY7RH400	0
1265958733483347968	A681XM15AN28F	0	AXQWKUJF7SQXP	0	AE03LUY7RH400	1
1232033507335008258	A681XM15AN28F	0	AXQWKUJF7SQXP	0	AE03LUY7RH400	1
1265980097686761473	AXQWKUJF7SQXP	1	AXQWKUJF7SQXP	1	AXQWKUJF7SQXP	1
1232067631886135296	AXQWKUJF7SQXP	0	AXQWKUJF7SQXP	0	AXQWKUJF7SQXP	0
1232080202890534913	AXQWKUJF7SQXP	0	AXQWKUJF7SQXP	0	AXQWKUJF7SQXP	0
1232087110875664384	A681XM15AN28F	1	A681XM15AN28F	0	A3CFNUD7VR2E1E	0
1273404802362269696	A681XM15AN28F	0	A681XM15AN28F	0	A3CFNUD7VR2E1E	0
1273417650316603393	A681XM15AN28F	1	A681XM15AN28F	0	A3CFNUD7VR2E1E	0
1273491913174249475	AXQWKUJF7SQXP	0	A2UF2FRGVW4T89	0	A681XM15AN28F	1
1273505918051745796	AXQWKUJF7SQXP	0	A2UF2FRGVW4T89	0	A681XM15AN28F	0
1273513431572738049	AXQWKUJF7SQXP	0	A2UF2FRGVW4T89	1	A681XM15AN28F	1
1273550174715928577	AXQWKUJF7SQXP	1	A681XM15AN28F	0	A681XM15AN28F	0
1273578943694557186	AXQWKUJF7SQXP	1	A681XM15AN28F	0	A681XM15AN28F	0
1273585510095581184	AXQWKUJF7SQXP	0	A681XM15AN28F	0	A681XM15AN28F	0
1273597658364473347	A681XM15AN28F	0	A681XM15AN28F	0	A681XM15AN28F	0
1273599862391488512	A681XM15AN28F	0	A681XM15AN28F	0	A681XM15AN28F	0
1235024524396998656	A681XM15AN28F	0	A681XM15AN28F	0	A681XM15AN28F	0
1235076344016334850	A681XM15AN28F	0	AXQWKUJF7SQXP	1	A681XM15AN28F	0
1235081681616302083	A681XM15AN28F	0	AXQWKUJF7SQXP	1	A681XM15AN28F	0
1235088698535866368	A681XM15AN28F	0	AXQWKUJF7SQXP	1	A681XM15AN28F	1
1235141312547934210	AXQWKUJF7SQXP	0	AXQWKUJF7SQXP	0	A2UF2FRGVW4T89	1
1235147923156914178	AXQWKUJF7SQXP	1	AXQWKUJF7SQXP	1	A2UF2FRGVW4T89	1
1235149352240156673	AXQWKUJF7SQXP	1	AXQWKUJF7SQXP	0	A2UF2FRGVW4T89	0
1235164693074833408	A2UF2FRGVW4T89	1	AXQWKUJF7SQXP	0	A3CFNUD7VR2E1E	0
1235217524322480130	A2UF2FRGVW4T89	0	AXQWKUJF7SQXP	0	A3CFNUD7VR2E1E	0
1235225257033654273	A2UF2FRGVW4T89	0	AXQWKUJF7SQXP	0	A3CFNUD7VR2E1E	0
1162182554608254977	AXQWKUJF7SQXP	0	A681XM15AN28F	0	AXQWKUJF7SQXP	0
1162182871815081984	AXQWKUJF7SQXP	0	A681XM15AN28F	0	AXQWKUJF7SQXP	0
1155242992472485889	AXQWKUJF7SQXP	0	A681XM15AN28F	0	AXQWKUJF7SQXP	0
1162194929298227201	A681XM15AN28F	1	A681XM15AN28F	0	AXQWKUJF7SQXP	0
1174451412597493761	A681XM15AN28F	0	A681XM15AN28F	0	AXQWKUJF7SQXP	1
1155257195358900224	A681XM15AN28F	0	A681XM15AN28F	0	AXQWKUJF7SQXP	0
1155272448310296577	AE03LUY7RH400	0	AE03LUY7RH400	0	A2UF2FRGVW4T89	0
1184467520444456961	AE03LUY7RH400	0	AE03LUY7RH400	0	A2UF2FRGVW4T89	0
1174470725165432832	AE03LUY7RH400	0	AE03LUY7RH400	0	A2UF2FRGVW4T89	0
1162229674547613696	A299J4PKHAEU9H	0	AXQWKUJF7SQXP	0	A2UF2FRGVW4T89	1
1162232127238180865	A299J4PKHAEU9H	1	AXQWKUJF7SQXP	0	A2UF2FRGVW4T89	0
1196314382298468353	A299J4PKHAEU9H	0	AXQWKUJF7SQXP	0	A2UF2FRGVW4T89	1
1162245681634897921	A2UF2FRGVW4T89	0	AE03LUY7RH400	0	A681XM15AN28F	0
1184490181597876224	A2UF2FRGVW4T89	1	AE03LUY7RH400	1	A681XM15AN28F	0
1174497260152844290	A2UF2FRGVW4T89	0	AE03LUY7RH400	1	A681XM15AN28F	0
1196354289435701249	AE03LUY7RH400	0	AE03LUY7RH400	0	AXQWKUJF7SQXP	0
1155312118888984577	AE03LUY7RH400	1	AE03LUY7RH400	0	AXQWKUJF7SQXP	1
1196356620697010176	AE03LUY7RH400	0	AE03LUY7RH400	0	AXQWKUJF7SQXP	1
1196366070812041216	AXQWKUJF7SQXP	0	A681XM15AN28F	1	A1Z6F6EIUJFC6T	0
1196369100387356672	AXQWKUJF7SQXP	0	A681XM15AN28F	0	A1Z6F6EIUJFC6T	0
1196377581643124738	AXQWKUJF7SQXP	0	A681XM15AN28F	0	A1Z6F6EIUJFC6T	1
1155331546963828737	AXQWKUJF7SQXP	0	AE03LUY7RH400	0	A681XM15AN28F	0
1155333576369459200	AXQWKUJF7SQXP	0	AE03LUY7RH400	0	A681XM15AN28F	0
1155336754892685312	AXQWKUJF7SQXP	0	AE03LUY7RH400	1	A681XM15AN28F	0
1196393208785199109	A681XM15AN28F	0	AXQWKUJF7SQXP	0	A681XM15AN28F	1
1174546522236579840	A681XM15AN28F	0	AXQWKUJF7SQXP	0	A681XM15AN28F	0
1174552442492469254	A681XM15AN28F	0	AXQWKUJF7SQXP	0	A681XM15AN28F	0
1174597680963604481	A681XM15AN28F	0	A681XM15AN28F	0	AXQWKUJF7SQXP	0
1155418862109642752	A681XM15AN28F	0	A681XM15AN28F	0	AXQWKUJF7SQXP	0
1174612490551824384	A681XM15AN28F	0	A681XM15AN28F	0	AXQWKUJF7SQXP	0
1155437967457939456	AXQWKUJF7SQXP	0	A681XM15AN28F	0	A681XM15AN28F	0
1155462117266345984	AXQWKUJF7SQXP	1	A681XM15AN28F	0	A681XM15AN28F	1
1174662508201701377	AXQWKUJF7SQXP	0	A681XM15AN28F	0	A681XM15AN28F	0
1202041934576898049	A681XM15AN28F	0	A681XM15AN28F	0	AXQWKUJF7SQXP	1
1202042174675677185	A681XM15AN28F	0	A681XM15AN28F	0	AXQWKUJF7SQXP	0
1174682481498345473	A681XM15AN28F	0	A681XM15AN28F	0	AXQWKUJF7SQXP	0
1202045132263940096	A681XM15AN28F	0	A681XM15AN28F	0	A681XM15AN28F	0
1162433980492161024	A681XM15AN28F	0	A681XM15AN28F	0	A681XM15AN28F	0
1204217648432599040	A681XM15AN28F	0	A681XM15AN28F	0	A681XM15AN28F	0
1196562487283351553	AXQWKUJF7SQXP	0	AE03LUY7RH400	0	A681XM15AN28F	0
1196573280007684097	AXQWKUJF7SQXP	0	AE03LUY7RH400	0	A681XM15AN28F	0
1202125614058106882	AXQWKUJF7SQXP	0	AE03LUY7RH400	0	A681XM15AN28F	0
1196581180969082885	AXQWKUJF7SQXP	0	A681XM15AN28F	0	A2UF2FRGVW4T89	0
1196581605780779008	AXQWKUJF7SQXP	0	A681XM15AN28F	0	A2UF2FRGVW4T89	0
1202137018098049025	AXQWKUJF7SQXP	1	A681XM15AN28F	0	A2UF2FRGVW4T89	0
1196588016380174336	A2TUNPP2GOQ1N3	1	A3CFNUD7VR2E1E	1	A2UF2FRGVW4T89	1
1162513583994880000	A2TUNPP2GOQ1N3	0	A3CFNUD7VR2E1E	0	A2UF2FRGVW4T89	0
1204291239476002816	A2TUNPP2GOQ1N3	0	A3CFNUD7VR2E1E	1	A2UF2FRGVW4T89	1
1196589925501558785	A681XM15AN28F	0	A2UF2FRGVW4T89	1	A681XM15AN28F	0
1204293513224998912	A681XM15AN28F	0	A2UF2FRGVW4T89	1	A681XM15AN28F	0
1204296158538919936	A681XM15AN28F	0	A2UF2FRGVW4T89	0	A681XM15AN28F	0
1202150861159272448	AXQWKUJF7SQXP	0	AXQWKUJF7SQXP	0	A681XM15AN28F	0
1204303993775652865	AXQWKUJF7SQXP	1	AXQWKUJF7SQXP	0	A681XM15AN28F	0
1162524200810078208	AXQWKUJF7SQXP	0	AXQWKUJF7SQXP	0	A681XM15AN28F	0
1202163017401552897	A681XM15AN28F	0	AXQWKUJF7SQXP	0	A2UF2FRGVW4T89	1
1155601797605552128	A681XM15AN28F	0	AXQWKUJF7SQXP	0	A2UF2FRGVW4T89	1
1202181989282893825	A681XM15AN28F	0	AXQWKUJF7SQXP	0	A2UF2FRGVW4T89	0
1196627354040168448	AXQWKUJF7SQXP	1	AE03LUY7RH400	1	AE03LUY7RH400	0
1155624946812383233	AXQWKUJF7SQXP	0	AE03LUY7RH400	0	AE03LUY7RH400	0
1231368309800439808	AXQWKUJF7SQXP	0	AE03LUY7RH400	1	AE03LUY7RH400	0
1155641509301014529	A681XM15AN28F	0	AE03LUY7RH400	1	A681XM15AN28F	0
1231374730927542272	A681XM15AN28F	0	AE03LUY7RH400	1	A681XM15AN28F	0
1231378230914863104	A681XM15AN28F	0	AE03LUY7RH400	1	A681XM15AN28F	0
1231383318374993920	A681XM15AN28F	0	A2UF2FRGVW4T89	0	A2UF2FRGVW4T89	1
1204389281600425984	A681XM15AN28F	0	A2UF2FRGVW4T89	1	A2UF2FRGVW4T89	1
1204392939255844865	A681XM15AN28F	0	A2UF2FRGVW4T89	0	A2UF2FRGVW4T89	0
1204401538245906432	A681XM15AN28F	0	A681XM15AN28F	0	A681XM15AN28F	1
1197008079365267456	A681XM15AN28F	1	A681XM15AN28F	0	A681XM15AN28F	1
1197014767241592832	A681XM15AN28F	0	A681XM15AN28F	0	A681XM15AN28F	0
1197034054593286144	A681XM15AN28F	0	AXQWKUJF7SQXP	1	AXQWKUJF7SQXP	1
1197064834845593602	A681XM15AN28F	0	AXQWKUJF7SQXP	0	AXQWKUJF7SQXP	0
1197067529908375552	A681XM15AN28F	0	AXQWKUJF7SQXP	0	AXQWKUJF7SQXP	0
1197069609788039169	A681XM15AN28F	1	AE03LUY7RH400	1	A3CFNUD7VR2E1E	0
1197072536254631936	A681XM15AN28F	1	AE03LUY7RH400	1	A3CFNUD7VR2E1E	0
1197218469885825024	A681XM15AN28F	1	AE03LUY7RH400	0	A3CFNUD7VR2E1E	0
1197288609272848385	AE03LUY7RH400	0	AE03LUY7RH400	0	AE03LUY7RH400	0
1197304454183145472	AE03LUY7RH400	1	AE03LUY7RH400	1	AE03LUY7RH400	1
1197309713282584576	AE03LUY7RH400	0	AE03LUY7RH400	1	AE03LUY7RH400	1
1197376796062183425	AE03LUY7RH400	1	A681XM15AN28F	0	AXQWKUJF7SQXP	1
1197432171884998656	AE03LUY7RH400	0	A681XM15AN28F	0	AXQWKUJF7SQXP	0
1197607364951597056	AE03LUY7RH400	1	A681XM15AN28F	0	AXQWKUJF7SQXP	0
1197629721082650624	AE03LUY7RH400	1	A681XM15AN28F	0	AXQWKUJF7SQXP	0
1197637513411608576	AE03LUY7RH400	0	A681XM15AN28F	0	AXQWKUJF7SQXP	1
1197694093540745216	AXQWKUJF7SQXP	0	A681XM15AN28F	0	AXQWKUJF7SQXP	0
1197701864667541504	AXQWKUJF7SQXP	0	A681XM15AN28F	0	AXQWKUJF7SQXP	0
1197743793820200961	AXQWKUJF7SQXP	0	A681XM15AN28F	0	AXQWKUJF7SQXP	0
1197793251211661318	A681XM15AN28F	0	A681XM15AN28F	0	AE03LUY7RH400	0
1197807013515812864	A681XM15AN28F	0	A681XM15AN28F	0	AE03LUY7RH400	0
1197811591363858433	A681XM15AN28F	0	A681XM15AN28F	0	AE03LUY7RH400	0
1197815820723769344	AE03LUY7RH400	0	AE03LUY7RH400	1	A681XM15AN28F	0
1197830085266378752	AE03LUY7RH400	1	AE03LUY7RH400	0	A681XM15AN28F	0
1197851604319268864	AE03LUY7RH400	0	AE03LUY7RH400	0	A681XM15AN28F	0
1197892179223408641	AXQWKUJF7SQXP	0	AE03LUY7RH400	0	A681XM15AN28F	0
1157440990665310208	AXQWKUJF7SQXP	0	AE03LUY7RH400	0	A681XM15AN28F	0
1157454515492098049	AXQWKUJF7SQXP	0	AE03LUY7RH400	0	A681XM15AN28F	0
1202995421229936641	AXQWKUJF7SQXP	0	AE03LUY7RH400	1	AXQWKUJF7SQXP	0
1202995603153641472	AXQWKUJF7SQXP	0	AE03LUY7RH400	1	AXQWKUJF7SQXP	0
1210027446499598336	AXQWKUJF7SQXP	0	AE03LUY7RH400	0	AXQWKUJF7SQXP	0
1210027539336351744	A2UF2FRGVW4T89	1	A681XM15AN28F	0	AXQWKUJF7SQXP	0
1210036645937827840	A2UF2FRGVW4T89	0	A681XM15AN28F	0	AXQWKUJF7SQXP	1
1157463925278961664	A2UF2FRGVW4T89	0	A681XM15AN28F	0	AXQWKUJF7SQXP	1
1186672012741103616	AE03LUY7RH400	0	AE03LUY7RH400	0	A681XM15AN28F	0
1210046731506733057	AE03LUY7RH400	0	AE03LUY7RH400	0	A681XM15AN28F	0
1220559445496750080	AE03LUY7RH400	0	AE03LUY7RH400	0	A681XM15AN28F	0
1210069497060773888	AE03LUY7RH400	0	A3CFNUD7VR2E1E	0	A681XM15AN28F	0
1210079415704547330	AE03LUY7RH400	0	A3CFNUD7VR2E1E	1	A681XM15AN28F	0
1210079505106100224	AE03LUY7RH400	0	A3CFNUD7VR2E1E	0	A681XM15AN28F	0
1157492061995589633	A3CFNUD7VR2E1E	1	AXQWKUJF7SQXP	0	AE03LUY7RH400	0
1203032138381053953	A3CFNUD7VR2E1E	0	AXQWKUJF7SQXP	0	AE03LUY7RH400	0
1210087513735364609	A3CFNUD7VR2E1E	1	AXQWKUJF7SQXP	0	AE03LUY7RH400	0
1157503120299053057	AXQWKUJF7SQXP	1	A681XM15AN28F	0	A681XM15AN28F	0
1157503396040994817	AXQWKUJF7SQXP	0	A681XM15AN28F	0	A681XM15AN28F	0
1220586548795588610	AXQWKUJF7SQXP	0	A681XM15AN28F	0	A681XM15AN28F	0
1210098997160894465	AXQWKUJF7SQXP	0	A2UF2FRGVW4T89	0	A681XM15AN28F	0
1157509120485801984	AXQWKUJF7SQXP	1	A2UF2FRGVW4T89	1	A681XM15AN28F	0
1220601107090563077	AXQWKUJF7SQXP	0	A2UF2FRGVW4T89	0	A681XM15AN28F	1
1210129817254805504	A681XM15AN28F	0	AE03LUY7RH400	0	A681XM15AN28F	0
1210132311443795968	A681XM15AN28F	0	AE03LUY7RH400	1	A681XM15AN28F	0
1157540179076243456	A681XM15AN28F	0	AE03LUY7RH400	1	A681XM15AN28F	0
1157565159642058752	A681XM15AN28F	0	A681XM15AN28F	0	A681XM15AN28F	0
1220652586576932870	A681XM15AN28F	0	A681XM15AN28F	0	A681XM15AN28F	0
1157572450609033221	A681XM15AN28F	0	A681XM15AN28F	0	A681XM15AN28F	0
1186760382964105216	A681XM15AN28F	0	A681XM15AN28F	0	AXQWKUJF7SQXP	0
1157586566295932928	A681XM15AN28F	1	A681XM15AN28F	1	AXQWKUJF7SQXP	0
1220666818123030529	A681XM15AN28F	0	A681XM15AN28F	0	AXQWKUJF7SQXP	0
1220672533667577857	A681XM15AN28F	0	A681XM15AN28F	0	A681XM15AN28F	0
1157597484501233666	A681XM15AN28F	0	A681XM15AN28F	0	A681XM15AN28F	0
1220675963689652224	A681XM15AN28F	0	A681XM15AN28F	0	A681XM15AN28F	0
1157598876833996801	A3CFNUD7VR2E1E	1	AE03LUY7RH400	1	A681XM15AN28F	0
1210200369030037504	A3CFNUD7VR2E1E	1	AE03LUY7RH400	1	A681XM15AN28F	0
1157620687273488385	A3CFNUD7VR2E1E	0	AE03LUY7RH400	0	A681XM15AN28F	0
1157621221707538433	AE03LUY7RH400	0	A681XM15AN28F	0	A681XM15AN28F	0
1241249977206095872	AE03LUY7RH400	0	A681XM15AN28F	0	A681XM15AN28F	0
1220707035513180165	AE03LUY7RH400	0	A681XM15AN28F	0	A681XM15AN28F	0
1241288724412903427	A681XM15AN28F	0	AXQWKUJF7SQXP	0	A681XM15AN28F	0
1157658507614679040	A681XM15AN28F	1	AXQWKUJF7SQXP	1	A681XM15AN28F	0
1157667347571720192	A681XM15AN28F	0	AXQWKUJF7SQXP	0	A681XM15AN28F	0
1241294741574041601	A681XM15AN28F	0	A681XM15AN28F	0	AXQWKUJF7SQXP	0
1157669622818041856	A681XM15AN28F	0	A681XM15AN28F	0	AXQWKUJF7SQXP	0
1157671681130782720	A681XM15AN28F	0	A681XM15AN28F	0	AXQWKUJF7SQXP	1
1157681978831003648	A1Z6F6EIUJFC6T	0	A681XM15AN28F	1	AE03LUY7RH400	1
1186853421330026499	A1Z6F6EIUJFC6T	0	A681XM15AN28F	0	AE03LUY7RH400	0
1241336397270675456	A1Z6F6EIUJFC6T	0	A681XM15AN28F	0	AE03LUY7RH400	0
1241338295537135617	AE03LUY7RH400	0	AXQWKUJF7SQXP	1	AXQWKUJF7SQXP	1
1241343889157619717	AE03LUY7RH400	0	AXQWKUJF7SQXP	0	AXQWKUJF7SQXP	0
1241408786868228096	AE03LUY7RH400	0	AXQWKUJF7SQXP	0	AXQWKUJF7SQXP	0
1241461357989351425	A681XM15AN28F	0	A681XM15AN28F	0	A3CFNUD7VR2E1E	1
1220791634612195329	A681XM15AN28F	0	A681XM15AN28F	0	A3CFNUD7VR2E1E	1
1241478251374981120	A681XM15AN28F	0	A681XM15AN28F	1	A3CFNUD7VR2E1E	1
1186901986592976898	AXQWKUJF7SQXP	0	AE03LUY7RH400	0	A681XM15AN28F	0
1186907862611574784	AXQWKUJF7SQXP	0	AE03LUY7RH400	0	A681XM15AN28F	0
1241494443942805505	AXQWKUJF7SQXP	0	AE03LUY7RH400	1	A681XM15AN28F	0
1241496299398029312	AXQWKUJF7SQXP	1	A2UF2FRGVW4T89	0	AE03LUY7RH400	0
1186915841452974085	AXQWKUJF7SQXP	0	A2UF2FRGVW4T89	1	AE03LUY7RH400	0
1241523549631725569	AXQWKUJF7SQXP	0	A2UF2FRGVW4T89	0	AE03LUY7RH400	0
1241528364394885120	AXQWKUJF7SQXP	0	AXQWKUJF7SQXP	0	A3CFNUD7VR2E1E	0
1220806000287993856	AXQWKUJF7SQXP	0	AXQWKUJF7SQXP	0	A3CFNUD7VR2E1E	0
1241516723037241344	AXQWKUJF7SQXP	0	AXQWKUJF7SQXP	0	A3CFNUD7VR2E1E	0
1210330004934078472	A681XM15AN28F	0	A681XM15AN28F	0	A681XM15AN28F	0
1241542453326315520	A681XM15AN28F	0	A681XM15AN28F	0	A681XM15AN28F	0
1241506921041010691	A681XM15AN28F	0	A681XM15AN28F	0	A681XM15AN28F	0
1241558456588357632	A681XM15AN28F	0	A2UF2FRGVW4T89	0	A681XM15AN28F	0
1186938704826253312	A681XM15AN28F	0	A2UF2FRGVW4T89	0	A681XM15AN28F	0
1220822454026682368	A681XM15AN28F	0	A2UF2FRGVW4T89	0	A681XM15AN28F	0
1241576178009255937	AXQWKUJF7SQXP	0	AE03LUY7RH400	1	A681XM15AN28F	0
1241577595940016128	AXQWKUJF7SQXP	0	AE03LUY7RH400	0	A681XM15AN28F	0
1186957169582727169	AXQWKUJF7SQXP	0	AE03LUY7RH400	0	A681XM15AN28F	0
1186957934678302720	A2UF2FRGVW4T89	1	AE03LUY7RH400	1	AXQWKUJF7SQXP	0
1186958835400888320	A2UF2FRGVW4T89	0	AE03LUY7RH400	0	AXQWKUJF7SQXP	0
1241598660418441216	A2UF2FRGVW4T89	0	AE03LUY7RH400	0	AXQWKUJF7SQXP	0
1241599645148577793	AXQWKUJF7SQXP	0	AE03LUY7RH400	0	AXQWKUJF7SQXP	0
1186964563549245440	AXQWKUJF7SQXP	0	AE03LUY7RH400	1	AXQWKUJF7SQXP	1
1241608201868439561	AXQWKUJF7SQXP	0	AE03LUY7RH400	0	AXQWKUJF7SQXP	0
1186978316219121664	A681XM15AN28F	1	AXQWKUJF7SQXP	0	AE03LUY7RH400	0
1220856679891259392	A681XM15AN28F	0	AXQWKUJF7SQXP	0	AE03LUY7RH400	0
1157792585630404608	A681XM15AN28F	0	AXQWKUJF7SQXP	0	AXQWKUJF7SQXP	0
1220866814843871233	A681XM15AN28F	0	AXQWKUJF7SQXP	0	AXQWKUJF7SQXP	0
1220866858976448512	A681XM15AN28F	0	AXQWKUJF7SQXP	0	AXQWKUJF7SQXP	1
1157802706469130241	A681XM15AN28F	0	AE03LUY7RH400	1	A681XM15AN28F	0
1210386844057124866	A681XM15AN28F	0	AE03LUY7RH400	1	A681XM15AN28F	0
1220869728610091008	A681XM15AN28F	0	AE03LUY7RH400	0	A681XM15AN28F	0
1241689167198744576	A681XM15AN28F	0	A681XM15AN28F	0	A681XM15AN28F	0
1241683976248594432	A681XM15AN28F	0	A681XM15AN28F	0	A681XM15AN28F	0
1241718142151192576	A681XM15AN28F	0	A681XM15AN28F	0	A681XM15AN28F	0
1241709100435562499	A681XM15AN28F	0	AXQWKUJF7SQXP	0	AE03LUY7RH400	1
1210426569413419008	A681XM15AN28F	0	AXQWKUJF7SQXP	0	AE03LUY7RH400	0
1157844187447885825	A681XM15AN28F	0	AXQWKUJF7SQXP	0	AE03LUY7RH400	0
1241821670702059520	A681XM15AN28F	0	A2TUNPP2GOQ1N3	0	A681XM15AN28F	0
1210434882163183616	A681XM15AN28F	0	A2TUNPP2GOQ1N3	0	A681XM15AN28F	0
1241840453864935424	A681XM15AN28F	0	A2TUNPP2GOQ1N3	0	A681XM15AN28F	0
1157852600982822914	AXQWKUJF7SQXP	0	AXQWKUJF7SQXP	0	AXQWKUJF7SQXP	0
1241855867089293312	AXQWKUJF7SQXP	0	AXQWKUJF7SQXP	0	AXQWKUJF7SQXP	0
1241856244081741826	AXQWKUJF7SQXP	0	AXQWKUJF7SQXP	0	AXQWKUJF7SQXP	0
1210445954018508800	A681XM15AN28F	0	A681XM15AN28F	0	A681XM15AN28F	0
1241867628957667329	A681XM15AN28F	0	A681XM15AN28F	0	A681XM15AN28F	0
1241873960276357121	A681XM15AN28F	0	A681XM15AN28F	0	A681XM15AN28F	0
1157896811559784448	AXQWKUJF7SQXP	0	AXQWKUJF7SQXP	0	A681XM15AN28F	0
1246624045493178368	AXQWKUJF7SQXP	0	AXQWKUJF7SQXP	0	A681XM15AN28F	0
1246624299693162498	AXQWKUJF7SQXP	0	AXQWKUJF7SQXP	0	A681XM15AN28F	0
1187059264008810496	A681XM15AN28F	0	AE03LUY7RH400	0	AE03LUY7RH400	0
1157898848385114112	A681XM15AN28F	0	AE03LUY7RH400	1	AE03LUY7RH400	1
1246630541807333376	A681XM15AN28F	0	AE03LUY7RH400	0	AE03LUY7RH400	0
1157894635554869249	A681XM15AN28F	0	A2UF2FRGVW4T89	0	A681XM15AN28F	0
1246621439458824192	A681XM15AN28F	0	A2UF2FRGVW4T89	1	A681XM15AN28F	0
1210512168287793153	A681XM15AN28F	0	A2UF2FRGVW4T89	0	A681XM15AN28F	0
1210517481489498113	A681XM15AN28F	1	A3CFNUD7VR2E1E	0	AXQWKUJF7SQXP	0
1157921956198354944	A681XM15AN28F	0	A3CFNUD7VR2E1E	0	AXQWKUJF7SQXP	1
1210525075180408833	A681XM15AN28F	0	A3CFNUD7VR2E1E	0	AXQWKUJF7SQXP	0
1187090317859643393	A2UF2FRGVW4T89	0	AXQWKUJF7SQXP	0	AE03LUY7RH400	0
1246749222264692736	A2UF2FRGVW4T89	1	AXQWKUJF7SQXP	0	AE03LUY7RH400	1
1157963887678906369	A2UF2FRGVW4T89	1	AXQWKUJF7SQXP	0	AE03LUY7RH400	0
1157968010407219200	AE03LUY7RH400	0	A681XM15AN28F	0	A681XM15AN28F	0
1246773340108275712	AE03LUY7RH400	0	A681XM15AN28F	0	A681XM15AN28F	0
1246776247448788994	AE03LUY7RH400	0	A681XM15AN28F	0	A681XM15AN28F	0
1246850695229104129	A681XM15AN28F	0	A681XM15AN28F	0	A681XM15AN28F	0
1246901271677693954	A681XM15AN28F	0	A681XM15AN28F	0	A681XM15AN28F	0
1157989842120110085	A2UF2FRGVW4T89	0	AXQWKUJF7SQXP	0	A681XM15AN28F	0
1246936978899079172	A2UF2FRGVW4T89	0	AXQWKUJF7SQXP	0	A681XM15AN28F	0
1187149602920644608	A2UF2FRGVW4T89	0	AXQWKUJF7SQXP	0	A681XM15AN28F	0
1210632807082422272	AXQWKUJF7SQXP	0	AE03LUY7RH400	1	A681XM15AN28F	1
1247015254875226112	AXQWKUJF7SQXP	1	AE03LUY7RH400	0	A681XM15AN28F	0
1210654725932081152	AXQWKUJF7SQXP	0	AE03LUY7RH400	0	A681XM15AN28F	0
1210659774234128384	A3CFNUD7VR2E1E	1	A2UF2FRGVW4T89	0	A681XM15AN28F	0
1210667063863369729	A3CFNUD7VR2E1E	0	A2UF2FRGVW4T89	1	A681XM15AN28F	0
1247032474321874946	A3CFNUD7VR2E1E	1	A2UF2FRGVW4T89	1	A681XM15AN28F	0
1247057489771794433	AE03LUY7RH400	1	AXQWKUJF7SQXP	0	AXQWKUJF7SQXP	1
1247058609399156737	AE03LUY7RH400	0	AXQWKUJF7SQXP	0	AXQWKUJF7SQXP	1
1247071190818017281	AE03LUY7RH400	0	AXQWKUJF7SQXP	0	AXQWKUJF7SQXP	1
1247075624423804928	AXQWKUJF7SQXP	0	A681XM15AN28F	0	A681XM15AN28F	0
1158128101408178176	AXQWKUJF7SQXP	0	A681XM15AN28F	0	A681XM15AN28F	0
1247078967766466561	AXQWKUJF7SQXP	1	A681XM15AN28F	0	A681XM15AN28F	0
1247098876701618176	A681XM15AN28F	0	AXQWKUJF7SQXP	0	A681XM15AN28F	0
1210732560709341184	A681XM15AN28F	0	AXQWKUJF7SQXP	1	A681XM15AN28F	0
1247107465386188800	A681XM15AN28F	0	AXQWKUJF7SQXP	0	A681XM15AN28F	0
1247108875947409408	A681XM15AN28F	0	AE03LUY7RH400	1	AE03LUY7RH400	1
1247113757043511299	A681XM15AN28F	0	AE03LUY7RH400	0	AE03LUY7RH400	1
1210756151618371584	A681XM15AN28F	0	AE03LUY7RH400	0	AE03LUY7RH400	0
1158187352495255552	A681XM15AN28F	0	AXQWKUJF7SQXP	0	AXQWKUJF7SQXP	0
1210773644483293185	A681XM15AN28F	0	AXQWKUJF7SQXP	0	AXQWKUJF7SQXP	1
1158187743802847232	A681XM15AN28F	0	AXQWKUJF7SQXP	0	AXQWKUJF7SQXP	0
1247279914362916865	A681XM15AN28F	0	A681XM15AN28F	0	A681XM15AN28F	0
1210799274352472064	A681XM15AN28F	0	A681XM15AN28F	0	A681XM15AN28F	0
1210816134649270272	A681XM15AN28F	0	A681XM15AN28F	0	A681XM15AN28F	0
1210823353621069830	A3CFNUD7VR2E1E	1	AXQWKUJF7SQXP	0	AE03LUY7RH400	1
1247314744337301504	A3CFNUD7VR2E1E	0	AXQWKUJF7SQXP	0	AE03LUY7RH400	0
1210841402730369024	A3CFNUD7VR2E1E	1	AXQWKUJF7SQXP	0	AE03LUY7RH400	0
1247339516760698880	A681XM15AN28F	0	A681XM15AN28F	0	A681XM15AN28F	0
1247363681144279046	A681XM15AN28F	0	A681XM15AN28F	0	A681XM15AN28F	1
1210873832904376323	A681XM15AN28F	0	A681XM15AN28F	0	A681XM15AN28F	0
1210877359936561152	A681XM15AN28F	0	A681XM15AN28F	0	A681XM15AN28F	0
1210882661293547520	A681XM15AN28F	0	A681XM15AN28F	0	A681XM15AN28F	0
1232778530892599296	A681XM15AN28F	0	A681XM15AN28F	0	A681XM15AN28F	0
1232781729171009536	A681XM15AN28F	0	AXQWKUJF7SQXP	0	A681XM15AN28F	0
1210898187113754629	A681XM15AN28F	0	AXQWKUJF7SQXP	0	A681XM15AN28F	0
1210921524460261377	A681XM15AN28F	0	AXQWKUJF7SQXP	0	A681XM15AN28F	0
1232799445973995520	AXQWKUJF7SQXP	0	AXQWKUJF7SQXP	0	AE03LUY7RH400	1
1210971534849798144	AXQWKUJF7SQXP	0	AXQWKUJF7SQXP	1	AE03LUY7RH400	0
1211028006501662721	AXQWKUJF7SQXP	0	AXQWKUJF7SQXP	0	AE03LUY7RH400	0
1211049828118978560	A2TUNPP2GOQ1N3	1	A681XM15AN28F	0	A681XM15AN28F	0
1211057274833133569	A2TUNPP2GOQ1N3	1	A681XM15AN28F	0	A681XM15AN28F	0
1211069658037547008	A2TUNPP2GOQ1N3	1	A681XM15AN28F	0	A681XM15AN28F	0
1232861818630000640	AE03LUY7RH400	0	AE03LUY7RH400	0	AXQWKUJF7SQXP	0
1232864116030623744	AE03LUY7RH400	1	AE03LUY7RH400	1	AXQWKUJF7SQXP	0
1211071160076521473	AE03LUY7RH400	1	AE03LUY7RH400	1	AXQWKUJF7SQXP	0
1261964746393178115	AE03LUY7RH400	1	AE03LUY7RH400	0	AE03LUY7RH400	1
1211132382075473923	AE03LUY7RH400	1	AE03LUY7RH400	1	AE03LUY7RH400	1
1262014827704143873	A2UF2FRGVW4T89	1	AE03LUY7RH400	0	A681XM15AN28F	0
1262026494940868609	A2UF2FRGVW4T89	1	AE03LUY7RH400	1	A681XM15AN28F	0
1262194278756802562	A2UF2FRGVW4T89	1	AE03LUY7RH400	0	A681XM15AN28F	0
1262213561691979777	AE03LUY7RH400	0	A681XM15AN28F	0	AXQWKUJF7SQXP	0
1262226906918748160	AE03LUY7RH400	0	A681XM15AN28F	0	AXQWKUJF7SQXP	0
1257993377125036034	AE03LUY7RH400	1	A681XM15AN28F	0	AXQWKUJF7SQXP	0
1257994402129035265	AE03LUY7RH400	1	AXQWKUJF7SQXP	0	AXQWKUJF7SQXP	1
1258007981624487936	AE03LUY7RH400	0	AXQWKUJF7SQXP	0	AXQWKUJF7SQXP	0
1258008048649424896	AE03LUY7RH400	0	AXQWKUJF7SQXP	0	AXQWKUJF7SQXP	0
1258052782445039617	A299J4PKHAEU9H	0	A681XM15AN28F	0	AE03LUY7RH400	0
1258160521133518848	A299J4PKHAEU9H	1	A681XM15AN28F	0	AE03LUY7RH400	0
1258187048009125888	A299J4PKHAEU9H	0	A681XM15AN28F	0	AE03LUY7RH400	1
1258196166589558785	AXQWKUJF7SQXP	1	A3CFNUD7VR2E1E	0	AXQWKUJF7SQXP	0
1258233545752887296	AXQWKUJF7SQXP	0	A3CFNUD7VR2E1E	0	AXQWKUJF7SQXP	0
1258263524230365185	AXQWKUJF7SQXP	0	A3CFNUD7VR2E1E	1	AXQWKUJF7SQXP	0
1258278145691545603	AE03LUY7RH400	1	AXQWKUJF7SQXP	0	A681XM15AN28F	0
1258326646580318208	AE03LUY7RH400	0	AXQWKUJF7SQXP	0	A681XM15AN28F	0
1258330982899318784	A681XM15AN28F	0	AXQWKUJF7SQXP	0	AE03LUY7RH400	1
1258350363863732225	A681XM15AN28F	0	AXQWKUJF7SQXP	1	AE03LUY7RH400	0
1258351182130511872	A681XM15AN28F	0	AXQWKUJF7SQXP	0	AE03LUY7RH400	0
1258561750980390914	A681XM15AN28F	0	A681XM15AN28F	0	A681XM15AN28F	0
1258565798605361152	A681XM15AN28F	0	A681XM15AN28F	0	A681XM15AN28F	0
1258565924338012160	A681XM15AN28F	0	A681XM15AN28F	0	A681XM15AN28F	0
1258583650293047296	AXQWKUJF7SQXP	0	A2UF2FRGVW4T89	1	AXQWKUJF7SQXP	0
1258605083543040005	AXQWKUJF7SQXP	0	A2UF2FRGVW4T89	0	AXQWKUJF7SQXP	0
1258634744918466560	AXQWKUJF7SQXP	0	A2UF2FRGVW4T89	1	AXQWKUJF7SQXP	0
1258641892759109632	A681XM15AN28F	0	AXQWKUJF7SQXP	0	AXQWKUJF7SQXP	0
1258643221510406144	A681XM15AN28F	0	AXQWKUJF7SQXP	0	AXQWKUJF7SQXP	0
1258647677111201793	A681XM15AN28F	0	AXQWKUJF7SQXP	0	AXQWKUJF7SQXP	0
1258647792366452737	AXQWKUJF7SQXP	0	A681XM15AN28F	0	AE03LUY7RH400	1
1258648091659395072	AXQWKUJF7SQXP	0	A681XM15AN28F	0	AE03LUY7RH400	1
1258667158130712576	AXQWKUJF7SQXP	0	A681XM15AN28F	0	AE03LUY7RH400	0
1258671475935940609	A681XM15AN28F	0	AE03LUY7RH400	0	A681XM15AN28F	0
1258675639344697345	A681XM15AN28F	0	AE03LUY7RH400	0	A681XM15AN28F	0
1258678650091655168	A681XM15AN28F	0	AE03LUY7RH400	1	A681XM15AN28F	0
1258679106691981312	A681XM15AN28F	0	A681XM15AN28F	1	A681XM15AN28F	0
1258683080476327938	A681XM15AN28F	0	A681XM15AN28F	0	A681XM15AN28F	0
1258686605373526018	A681XM15AN28F	0	A681XM15AN28F	1	A681XM15AN28F	0
1258709145361903616	A681XM15AN28F	0	A681XM15AN28F	0	A681XM15AN28F	0
1258711032584757249	A681XM15AN28F	0	A681XM15AN28F	0	A681XM15AN28F	0
1258732605932888065	A681XM15AN28F	0	A681XM15AN28F	0	A681XM15AN28F	0
1264827318284910593	A681XM15AN28F	0	AXQWKUJF7SQXP	0	A2UF2FRGVW4T89	0
1264835011439554560	A681XM15AN28F	0	AXQWKUJF7SQXP	0	A2UF2FRGVW4T89	1
1264843371031392259	A681XM15AN28F	0	AXQWKUJF7SQXP	1	A2UF2FRGVW4T89	0
1264848414677688320	AE03LUY7RH400	0	AXQWKUJF7SQXP	0	A681XM15AN28F	0
1264850687667494912	AE03LUY7RH400	0	AXQWKUJF7SQXP	1	A681XM15AN28F	0
1264852389791662080	AE03LUY7RH400	1	AXQWKUJF7SQXP	0	A681XM15AN28F	0
1236104534742593536	AXQWKUJF7SQXP	1	AXQWKUJF7SQXP	1	A681XM15AN28F	0
1236105820389044224	AXQWKUJF7SQXP	0	AXQWKUJF7SQXP	0	A681XM15AN28F	1
1236119958863503360	AXQWKUJF7SQXP	0	AXQWKUJF7SQXP	0	A681XM15AN28F	0
1236143532802367489	A681XM15AN28F	0	A681XM15AN28F	0	A2UF2FRGVW4T89	0
1236171739836502021	A681XM15AN28F	0	A681XM15AN28F	0	A2UF2FRGVW4T89	1
1236226831373586432	A681XM15AN28F	0	A681XM15AN28F	0	A2UF2FRGVW4T89	0
1236228694642814976	A3CFNUD7VR2E1E	1	A681XM15AN28F	0	A681XM15AN28F	0
1236246372384264192	A3CFNUD7VR2E1E	0	A681XM15AN28F	0	A681XM15AN28F	0
1236306460650299392	A3CFNUD7VR2E1E	1	A681XM15AN28F	1	A681XM15AN28F	0
1182428955850096640	AE03LUY7RH400	0	A2UF2FRGVW4T89	0	AE03LUY7RH400	0
1182451292498579456	AE03LUY7RH400	0	A2UF2FRGVW4T89	0	AE03LUY7RH400	0
1182452699133952001	AE03LUY7RH400	0	A2UF2FRGVW4T89	1	AE03LUY7RH400	0
1182466545584201728	A2UF2FRGVW4T89	0	A681XM15AN28F	0	A681XM15AN28F	0
1182474740520243200	A2UF2FRGVW4T89	0	A681XM15AN28F	0	A681XM15AN28F	0
1182479424337240064	A2UF2FRGVW4T89	0	A681XM15AN28F	0	A681XM15AN28F	0
1182507645330001920	A2UF2FRGVW4T89	0	A681XM15AN28F	0	AXQWKUJF7SQXP	0
1182517219533578240	A2UF2FRGVW4T89	1	A681XM15AN28F	0	AXQWKUJF7SQXP	0
1182529402120196096	A2UF2FRGVW4T89	1	A681XM15AN28F	0	AXQWKUJF7SQXP	0
1182533975278964737	A681XM15AN28F	0	AE03LUY7RH400	1	A681XM15AN28F	0
1182539642601525248	A681XM15AN28F	0	AE03LUY7RH400	0	A681XM15AN28F	0
1182562887606263809	AE03LUY7RH400	0	AE03LUY7RH400	1	A681XM15AN28F	0
1182566195351842817	AE03LUY7RH400	0	AE03LUY7RH400	1	A681XM15AN28F	0
1182579802370236417	AE03LUY7RH400	0	AE03LUY7RH400	0	A681XM15AN28F	0
1182595852528959488	AE03LUY7RH400	1	AXQWKUJF7SQXP	0	AE03LUY7RH400	1
1182609106659692544	AE03LUY7RH400	0	AXQWKUJF7SQXP	0	AE03LUY7RH400	0
1182610858184069120	AE03LUY7RH400	0	AXQWKUJF7SQXP	0	AE03LUY7RH400	1
1182612332263854080	A681XM15AN28F	0	A3CFNUD7VR2E1E	1	AE03LUY7RH400	1
1182621119527829504	A681XM15AN28F	0	A3CFNUD7VR2E1E	0	AE03LUY7RH400	0
1182624417047666688	A681XM15AN28F	0	A3CFNUD7VR2E1E	0	AE03LUY7RH400	0
1182627352431382529	AXQWKUJF7SQXP	1	A681XM15AN28F	0	AE03LUY7RH400	1
1182662916992110595	AXQWKUJF7SQXP	0	A681XM15AN28F	0	AE03LUY7RH400	0
1182737601528131584	AXQWKUJF7SQXP	0	A681XM15AN28F	0	AE03LUY7RH400	0
1182859870602588160	AXQWKUJF7SQXP	0	AXQWKUJF7SQXP	0	AE03LUY7RH400	0
1182878247324811264	AXQWKUJF7SQXP	0	AXQWKUJF7SQXP	0	AE03LUY7RH400	1
1182899206467358720	AXQWKUJF7SQXP	0	AXQWKUJF7SQXP	0	AE03LUY7RH400	0
1182930142366179329	AXQWKUJF7SQXP	0	AE03LUY7RH400	0	A681XM15AN28F	0
1182933676801179654	AXQWKUJF7SQXP	0	AE03LUY7RH400	1	A681XM15AN28F	1
1182938516256198656	AXQWKUJF7SQXP	0	AE03LUY7RH400	0	A681XM15AN28F	1
1182945408198139904	AXQWKUJF7SQXP	0	A2TUNPP2GOQ1N3	0	AE03LUY7RH400	0
1182946108093292548	AXQWKUJF7SQXP	0	A2TUNPP2GOQ1N3	0	AE03LUY7RH400	0
1182946547777949698	AXQWKUJF7SQXP	0	A2TUNPP2GOQ1N3	0	AE03LUY7RH400	0
1182953511153065984	A681XM15AN28F	0	A681XM15AN28F	0	AE03LUY7RH400	0
1182955218599735296	A681XM15AN28F	0	A681XM15AN28F	0	AE03LUY7RH400	0
1182959495091085312	A681XM15AN28F	0	A681XM15AN28F	0	AE03LUY7RH400	1
1181744729135796224	AXQWKUJF7SQXP	0	AXQWKUJF7SQXP	1	AXQWKUJF7SQXP	1
1181772422241898496	AXQWKUJF7SQXP	0	AXQWKUJF7SQXP	0	AXQWKUJF7SQXP	0
1181860773116534784	AXQWKUJF7SQXP	0	AXQWKUJF7SQXP	0	AXQWKUJF7SQXP	0
1181972930466594817	A2UF2FRGVW4T89	0	A681XM15AN28F	0	A2UF2FRGVW4T89	0
1182030230640218112	A2UF2FRGVW4T89	0	A681XM15AN28F	0	A2UF2FRGVW4T89	0
1182063215699619842	A2UF2FRGVW4T89	1	A681XM15AN28F	0	A2UF2FRGVW4T89	1
1182095840485109760	A3CFNUD7VR2E1E	0	A681XM15AN28F	0	A2UF2FRGVW4T89	0
1182116499424567296	A3CFNUD7VR2E1E	1	A681XM15AN28F	0	A2UF2FRGVW4T89	1
1182149503773597696	A3CFNUD7VR2E1E	0	A681XM15AN28F	0	A2UF2FRGVW4T89	0
1182157108252270593	AXQWKUJF7SQXP	1	A681XM15AN28F	0	AXQWKUJF7SQXP	1
1182158036527222784	AXQWKUJF7SQXP	0	A681XM15AN28F	0	AXQWKUJF7SQXP	0
1182184987472195584	AXQWKUJF7SQXP	0	A681XM15AN28F	0	AXQWKUJF7SQXP	0
1182204101553049600	AXQWKUJF7SQXP	1	AE03LUY7RH400	1	A681XM15AN28F	0
1182230920335515649	AXQWKUJF7SQXP	0	AE03LUY7RH400	0	A681XM15AN28F	1
1182237078349701122	AXQWKUJF7SQXP	1	AE03LUY7RH400	1	A681XM15AN28F	0
1182239969311510528	A3CFNUD7VR2E1E	1	AXQWKUJF7SQXP	1	A681XM15AN28F	0
1182258702566313985	A3CFNUD7VR2E1E	1	AXQWKUJF7SQXP	1	A681XM15AN28F	1
1182285861221593088	A3CFNUD7VR2E1E	0	AXQWKUJF7SQXP	0	A681XM15AN28F	0
1182316965756465153	A2UF2FRGVW4T89	1	A681XM15AN28F	0	A681XM15AN28F	0
1199787002121486336	A2UF2FRGVW4T89	1	A681XM15AN28F	0	A681XM15AN28F	0
1199865919956119552	A2UF2FRGVW4T89	0	A681XM15AN28F	0	A681XM15AN28F	0
1199872734777331712	A681XM15AN28F	1	A681XM15AN28F	0	A681XM15AN28F	0
1199917069363339264	A681XM15AN28F	0	A681XM15AN28F	0	A681XM15AN28F	0
1199942245983514626	A681XM15AN28F	0	A681XM15AN28F	0	A681XM15AN28F	0
1199948166444937216	A2UF2FRGVW4T89	1	A681XM15AN28F	1	AXQWKUJF7SQXP	0
1199952915588251648	A2UF2FRGVW4T89	1	A681XM15AN28F	0	AXQWKUJF7SQXP	0
1199960183373352960	A2UF2FRGVW4T89	0	A681XM15AN28F	0	AXQWKUJF7SQXP	0
1199980623118520320	A1Z6F6EIUJFC6T	1	AXQWKUJF7SQXP	0	AXQWKUJF7SQXP	0
1199985246009090048	A1Z6F6EIUJFC6T	0	AXQWKUJF7SQXP	0	AXQWKUJF7SQXP	1
1199988258584682496	A1Z6F6EIUJFC6T	1	AXQWKUJF7SQXP	1	AXQWKUJF7SQXP	1
1200069605395333121	A3CFNUD7VR2E1E	1	AE03LUY7RH400	1	A681XM15AN28F	0
1200168599224086529	A3CFNUD7VR2E1E	1	AE03LUY7RH400	0	A681XM15AN28F	0
1200250532486512641	A3CFNUD7VR2E1E	1	AE03LUY7RH400	0	A681XM15AN28F	0
1200260236617097216	A681XM15AN28F	0	A681XM15AN28F	0	A681XM15AN28F	0
1200293983995469824	A681XM15AN28F	0	A681XM15AN28F	0	A681XM15AN28F	0
1200374985602191360	A681XM15AN28F	0	A681XM15AN28F	1	A681XM15AN28F	0
1200384685328584704	A2UF2FRGVW4T89	1	AXQWKUJF7SQXP	0	A2UF2FRGVW4T89	1
1200411319536504832	A2UF2FRGVW4T89	1	AXQWKUJF7SQXP	1	A2UF2FRGVW4T89	1
1200534818489921536	A2UF2FRGVW4T89	1	AXQWKUJF7SQXP	0	A2UF2FRGVW4T89	1
1200580184363028480	A3CFNUD7VR2E1E	0	A681XM15AN28F	0	A681XM15AN28F	0
1200581701501538305	A3CFNUD7VR2E1E	0	A681XM15AN28F	0	A681XM15AN28F	0
1200608284232712192	A3CFNUD7VR2E1E	0	A681XM15AN28F	0	A681XM15AN28F	0
1200615673346478081	AXQWKUJF7SQXP	1	AXQWKUJF7SQXP	0	A681XM15AN28F	0
1200640944506200065	AXQWKUJF7SQXP	1	AXQWKUJF7SQXP	1	A681XM15AN28F	0
1200664102130970624	AXQWKUJF7SQXP	0	AXQWKUJF7SQXP	0	A681XM15AN28F	0
1200678756404191232	A681XM15AN28F	0	A681XM15AN28F	0	AXQWKUJF7SQXP	0
1200695383287984128	A681XM15AN28F	0	A681XM15AN28F	0	AXQWKUJF7SQXP	0
1200703060206444544	A681XM15AN28F	0	A681XM15AN28F	0	AXQWKUJF7SQXP	0
1200764693620486144	AXQWKUJF7SQXP	0	A681XM15AN28F	0	AE03LUY7RH400	0
1228499971097280513	AXQWKUJF7SQXP	1	A681XM15AN28F	0	AE03LUY7RH400	0
1228518273613881345	AXQWKUJF7SQXP	0	A681XM15AN28F	0	AE03LUY7RH400	1
1228523508809908225	AXQWKUJF7SQXP	0	AXQWKUJF7SQXP	0	A681XM15AN28F	0
1228530201849524224	AXQWKUJF7SQXP	0	AXQWKUJF7SQXP	0	A681XM15AN28F	0
1228534264066523136	AXQWKUJF7SQXP	1	AXQWKUJF7SQXP	0	A681XM15AN28F	0
1228557286098001920	A681XM15AN28F	0	AXQWKUJF7SQXP	0	AXQWKUJF7SQXP	0
1228571127154384896	A681XM15AN28F	0	AXQWKUJF7SQXP	0	AXQWKUJF7SQXP	0
1228604881969152000	A681XM15AN28F	0	AXQWKUJF7SQXP	0	AXQWKUJF7SQXP	0
1228612027679002624	AE03LUY7RH400	0	AE03LUY7RH400	1	A681XM15AN28F	0
1228622114892042244	AE03LUY7RH400	0	AE03LUY7RH400	0	A681XM15AN28F	0
1228632267225886720	AE03LUY7RH400	0	AE03LUY7RH400	1	A681XM15AN28F	0
1228651737956986882	AXQWKUJF7SQXP	0	AXQWKUJF7SQXP	0	A681XM15AN28F	0
1228668623901691905	AXQWKUJF7SQXP	1	AXQWKUJF7SQXP	0	A681XM15AN28F	0
1228720498512670720	AXQWKUJF7SQXP	0	AXQWKUJF7SQXP	0	A681XM15AN28F	0
1228852527736614912	A2UF2FRGVW4T89	0	A681XM15AN28F	0	AXQWKUJF7SQXP	0
1228862615629123584	A2UF2FRGVW4T89	0	A681XM15AN28F	0	AXQWKUJF7SQXP	0
1228864372602097664	A2UF2FRGVW4T89	0	A681XM15AN28F	0	AXQWKUJF7SQXP	0
1228901137090150401	AXQWKUJF7SQXP	0	A681XM15AN28F	0	A681XM15AN28F	0
1228911907790368768	AXQWKUJF7SQXP	0	A681XM15AN28F	0	A681XM15AN28F	0
1228959060696821760	AXQWKUJF7SQXP	0	A681XM15AN28F	1	A681XM15AN28F	0
1228977363423133696	A681XM15AN28F	0	A681XM15AN28F	0	A681XM15AN28F	0
1228985056007458818	A681XM15AN28F	0	A681XM15AN28F	0	A681XM15AN28F	0
1228986774854090753	A681XM15AN28F	0	A681XM15AN28F	0	A681XM15AN28F	0
1228989644404031489	AXQWKUJF7SQXP	1	A681XM15AN28F	0	AXQWKUJF7SQXP	1
1229007312955723776	AXQWKUJF7SQXP	0	A681XM15AN28F	0	AXQWKUJF7SQXP	0
1229019329762603008	AXQWKUJF7SQXP	0	A681XM15AN28F	0	AXQWKUJF7SQXP	0
1229022837043679232	A681XM15AN28F	0	AXQWKUJF7SQXP	0	AXQWKUJF7SQXP	0
1229048567341383681	A681XM15AN28F	0	AXQWKUJF7SQXP	0	AXQWKUJF7SQXP	0
1229053503609491459	A681XM15AN28F	0	AXQWKUJF7SQXP	0	AXQWKUJF7SQXP	1
1229054399118553090	AXQWKUJF7SQXP	0	A681XM15AN28F	0	A681XM15AN28F	0
1229056629200564225	AXQWKUJF7SQXP	0	A681XM15AN28F	0	A681XM15AN28F	0
1229058232687235073	AXQWKUJF7SQXP	0	A681XM15AN28F	0	A681XM15AN28F	0
1229148510810861568	AXQWKUJF7SQXP	0	A681XM15AN28F	0	AXQWKUJF7SQXP	1
1229163651447214080	AXQWKUJF7SQXP	1	A681XM15AN28F	0	AXQWKUJF7SQXP	0
1229176985361928192	AXQWKUJF7SQXP	0	A681XM15AN28F	0	AXQWKUJF7SQXP	0
1229180315928711168	A681XM15AN28F	0	AE03LUY7RH400	0	A681XM15AN28F	0
1229214074476486656	A681XM15AN28F	0	AE03LUY7RH400	0	A681XM15AN28F	0
1229226308661440513	A681XM15AN28F	0	AE03LUY7RH400	1	A681XM15AN28F	0
1229241922046185473	A681XM15AN28F	0	AXQWKUJF7SQXP	0	A681XM15AN28F	0
1229280722206195713	A681XM15AN28F	0	AXQWKUJF7SQXP	1	A681XM15AN28F	1
1229291030563848193	A681XM15AN28F	0	AXQWKUJF7SQXP	0	A681XM15AN28F	1
1229309233205669888	AXQWKUJF7SQXP	1	AE03LUY7RH400	0	A681XM15AN28F	1
1229334442335850496	AXQWKUJF7SQXP	0	AE03LUY7RH400	0	A681XM15AN28F	0
1229346379404697600	AXQWKUJF7SQXP	0	AE03LUY7RH400	0	A681XM15AN28F	0