user.id	output.age.19-29	output.age.30-39	output.age.<=18	output.age.>=40	output.gender.female	output.gender.male	output.org.is-org	output.org.non-org
753821636814528513	0.4185	0.2235	0.3489	0.0091	0.991	0.009	0.0	1.0
753821636814528513	0.4185	0.2235	0.3489	0.0091	0.991	0.009	0.0	1.0
248637302	0.0262	0.9652	0.0014	0.0073	0.0004	0.9996	0.0	1.0
3238329340	0.1363	0.0109	0.8464	0.0064	0.0729	0.9271	0.0012	0.9988
1393083324	0.2964	0.6315	0.0158	0.0563	0.9973	0.0027	0.0001	0.9999
835809553589526530	0.1226	0.296	0.0279	0.5534	0.0005	0.9995	0.0003	0.9997
2172845379	0.057	0.0585	0.0002	0.8843	0.0018	0.9982	0.0002	0.9998
725757546	0.0714	0.6949	0.0008	0.233	0.9992	0.0008	0.0002	0.9998
708125875833712640	0.0217	0.7423	0.0006	0.2354	0.0002	0.9998	0.0001	0.9999
601884300	0.0001	0.0005	0.0001	0.9994	0.9998	0.0002	0.0	1.0
57603874	0.0421	0.1129	0.0117	0.8333	0.9861	0.0139	0.0002	0.9998
359771379	0.1604	0.2188	0.0944	0.5263	0.0012	0.9988	0.0043	0.9957
18327622	0.0261	0.9645	0.0036	0.0058	0.9962	0.0038	0.0004	0.9996
42433319	0.8365	0.0247	0.093	0.0458	0.0449	0.9551	0.0	1.0
1211310836670582785	0.2143	0.0057	0.2932	0.4868	0.0056	0.9944	0.0	1.0
53881485	0.8519	0.0255	0.1136	0.009	0.9936	0.0064	0.0	1.0
1866452389	0.5657	0.0679	0.3473	0.0191	0.1881	0.8119	0.0	1.0
722604391983788032	0.8209	0.012	0.1655	0.0016	0.9158	0.0842	0.0	1.0
489963120	0.0323	0.0226	0.0157	0.9294	0.0021	0.9979	0.0187	0.9813
1173562880215568385	0.3575	0.0393	0.5571	0.0461	0.0093	0.9907	0.0	1.0
713403	0.02	0.0285	0.0005	0.951	0.0777	0.9223	0.0	1.0
310839743	0.2317	0.2101	0.0804	0.4778	0.9975	0.0025	0.0004	0.9996
179873379	0.0546	0.9185	0.0021	0.0249	0.9821	0.0179	0.0	1.0
2421887412	0.7619	0.0481	0.1682	0.0218	0.9957	0.0043	0.0	1.0
1189422979823702017	0.0155	0.8989	0.0006	0.0849	0.0012	0.9988	0.0001	0.9999
1106526190787936257	0.0463	0.0001	0.9536	0.0	0.9564	0.0436	0.0	1.0
282568075	0.9664	0.0144	0.0093	0.0099	0.0355	0.9645	0.0003	0.9997
24984458	0.2465	0.3375	0.3672	0.0488	0.0006	0.9994	0.0001	0.9999
1108565574	0.0002	0.0003	0.0001	0.9995	0.0046	0.9954	0.0045	0.9955
191761621	0.1081	0.752	0.0153	0.1246	0.0003	0.9997	0.0009	0.9991
904072386	0.0325	0.8865	0.0048	0.0761	0.002	0.998	0.0	1.0
63477793	0.0709	0.6938	0.2333	0.002	0.9924	0.0076	0.0	1.0
3007333878	0.4005	0.4995	0.0729	0.0271	0.4215	0.5785	0.0109	0.9891
861252867318890496	0.3924	0.0642	0.5285	0.0148	0.8675	0.1325	0.001	0.999
1580095729	0.2363	0.3458	0.0186	0.3993	0.0002	0.9998	0.0005	0.9995
991902483189383168	0.0401	0.0065	0.9519	0.0014	0.0144	0.9856	0.001	0.999
208944875	0.0364	0.7984	0.0107	0.1545	0.0004	0.9996	0.0301	0.9699
23807739	0.4138	0.3125	0.0404	0.2333	0.9872	0.0128	0.0244	0.9756
2930868324	0.0028	0.0131	0.0004	0.9837	0.0003	0.9997	0.0058	0.9942
27594282	0.0225	0.9138	0.0019	0.0618	0.0005	0.9995	0.0	1.0
2295666326	0.9425	0.0087	0.0452	0.0036	0.037	0.963	0.0	1.0
3444353714	0.9531	0.0309	0.0134	0.0026	0.9954	0.0046	0.0	1.0
237441210	0.9363	0.0461	0.008	0.0096	0.9989	0.0011	0.0	1.0
1008296232261783552	0.452	0.2238	0.2444	0.0798	0.442	0.558	0.8808	0.1192
113312341	0.0365	0.253	0.008	0.7026	0.9902	0.0098	0.0002	0.9998
297148960	0.9435	0.0077	0.0433	0.0054	0.9988	0.0012	0.0	1.0
36022291	0.61	0.0136	0.3716	0.0047	0.9277	0.0723	0.0	1.0
871592496328884224	0.4383	0.0145	0.5179	0.0293	0.2522	0.7478	0.0001	0.9999
1565529235	0.5317	0.445	0.0191	0.0042	0.0098	0.9902	0.0	1.0
1030289056247177216	0.0153	0.027	0.0169	0.9407	0.0038	0.9962	0.0018	0.9982
868101092676050944	0.059	0.8952	0.004	0.0419	0.9995	0.0005	0.0	1.0
1153682741780598785	0.0018	0.0294	0.0007	0.9681	0.9897	0.0103	0.0749	0.9251
70952951	0.5463	0.1083	0.3294	0.016	0.9938	0.0062	0.0	1.0
1165080619	0.6947	0.2227	0.0357	0.0469	0.9949	0.0051	0.0	1.0
3323547919	0.2486	0.0012	0.7491	0.0011	0.8831	0.1169	0.0002	0.9998
1245597742748983296	0.0059	0.0641	0.0455	0.8845	0.9994	0.0006	0.0124	0.9876
49937723	0.1898	0.6776	0.0031	0.1294	0.9903	0.0097	0.0004	0.9996
1386619502	0.4688	0.0265	0.4961	0.0086	0.9381	0.0619	0.0	1.0
345275528	0.2817	0.0497	0.6338	0.0348	0.0435	0.9565	0.0021	0.9979
1075015263391645697	0.0397	0.0037	0.9546	0.002	0.3667	0.6333	0.2035	0.7965
431125153	0.794	0.1841	0.0193	0.0026	0.9996	0.0004	0.0	1.0
431125153	0.794	0.1841	0.0193	0.0026	0.9996	0.0004	0.0	1.0
756083590216114180	0.2475	0.5703	0.1434	0.0388	0.328	0.672	0.0026	0.9974
48673951	0.0006	0.9992	0.0	0.0001	0.9991	0.0009	0.0001	0.9999
1014042087501660160	0.0007	0.001	0.0004	0.9979	0.0566	0.9434	0.0014	0.9986
1014042087501660160	0.0007	0.001	0.0004	0.9979	0.0566	0.9434	0.0014	0.9986
177015949	0.5687	0.26	0.0504	0.1208	0.9982	0.0018	0.0475	0.9525
1034272047134793728	0.0706	0.0323	0.0271	0.87	0.0175	0.9825	0.0097	0.9903
2337781680	0.0186	0.1433	0.0046	0.8335	0.9981	0.0019	0.0004	0.9996
558292509	0.1568	0.8126	0.0143	0.0163	0.0045	0.9955	0.0326	0.9674
4035582680	0.0862	0.3546	0.5574	0.0017	0.5004	0.4996	0.0027	0.9973
150990745	0.0004	0.0009	0.0006	0.9981	0.0029	0.9971	0.0009	0.9991
735555577883983872	0.5515	0.1028	0.3292	0.0164	0.0416	0.9584	0.0002	0.9998
434497754	0.87	0.1235	0.0043	0.0022	0.9934	0.0066	0.0	1.0
2195423840	0.7963	0.0381	0.0485	0.1171	0.1112	0.8888	0.0	1.0
297148960	0.9435	0.0077	0.0433	0.0054	0.9988	0.0012	0.0	1.0
1652439061	0.3546	0.5883	0.0399	0.0172	0.0128	0.9872	0.0004	0.9996
777281389	0.1801	0.3121	0.1318	0.376	0.801	0.199	0.0407	0.9593
1173562880215568385	0.3575	0.0393	0.5571	0.0461	0.0093	0.9907	0.0	1.0
462067110	0.3123	0.0952	0.5811	0.0115	0.0123	0.9877	0.0285	0.9715
753821636814528513	0.4185	0.2235	0.3489	0.0091	0.991	0.009	0.0	1.0
107341163	0.2792	0.3616	0.0732	0.2861	0.0072	0.9928	0.0254	0.9746
746836373269712898	0.1116	0.0136	0.8598	0.015	0.019	0.981	0.0002	0.9998
215562059	0.8797	0.0423	0.068	0.0099	0.0088	0.9912	0.0001	0.9999
1101343604180578306	0.7944	0.0478	0.1005	0.0573	0.9856	0.0144	0.0	1.0
312967248	0.2211	0.7402	0.0233	0.0154	0.0007	0.9993	0.0	1.0
1174176703255666688	0.5109	0.0198	0.4412	0.0281	0.9954	0.0046	0.0	1.0
1152226720889466880	0.0922	0.3587	0.04	0.5091	0.1087	0.8913	0.936	0.064
312967248	0.2211	0.7402	0.0233	0.0154	0.0007	0.9993	0.0	1.0
756640129150705664	0.0329	0.924	0.0122	0.031	0.0001	0.9999	0.0	1.0
3823445472	0.1303	0.0147	0.8535	0.0015	0.6081	0.3919	0.0001	0.9999
395908023	0.628	0.0409	0.3157	0.0154	0.9539	0.0461	0.0	1.0
364614738	0.2159	0.3635	0.0779	0.3427	0.0052	0.9948	0.0002	0.9998
1089546518728568837	0.1682	0.6415	0.1728	0.0175	0.019	0.981	0.0002	0.9998
22559876	0.0002	0.0001	0.0002	0.9995	0.0066	0.9934	0.0004	0.9996
864151160	0.0013	0.9884	0.0001	0.0102	0.9572	0.0428	0.0	1.0
125147791	0.9402	0.0063	0.0521	0.0014	0.9994	0.0006	0.0	1.0
2199299744	0.0986	0.019	0.8818	0.0005	0.7682	0.2318	0.0001	0.9999
2710826887	0.0578	0.9121	0.0269	0.0031	0.9982	0.0018	0.0001	0.9999
2199299744	0.0986	0.019	0.8818	0.0005	0.7682	0.2318	0.0001	0.9999
27128737	0.6094	0.1628	0.0236	0.2042	0.0004	0.9996	0.0001	0.9999
4515	0.4068	0.5624	0.03	0.0009	0.0014	0.9986	0.0	1.0
141503061	0.1472	0.0468	0.0608	0.7452	0.0084	0.9916	0.0018	0.9982
868101092676050944	0.059	0.8952	0.004	0.0419	0.9995	0.0005	0.0	1.0
547944230	0.2267	0.0649	0.0726	0.6358	0.9906	0.0094	0.0002	0.9998
3153741164	0.8319	0.1082	0.055	0.0049	0.0202	0.9798	0.0	1.0
141503061	0.1472	0.0468	0.0608	0.7452	0.0084	0.9916	0.0018	0.9982
170238260	0.1478	0.1855	0.0173	0.6494	0.4588	0.5412	0.0001	0.9999
830742803063795712	0.3061	0.6926	0.0006	0.0006	0.0011	0.9989	0.0	1.0
196117757	0.085	0.607	0.0112	0.2968	0.0009	0.9991	0.0005	0.9995
826332877457481728	0.0934	0.1305	0.6365	0.1395	0.9976	0.0024	0.0005	0.9995
38628180	0.0115	0.0004	0.9877	0.0004	0.9887	0.0113	0.0003	0.9997
46675401	0.3123	0.0558	0.6098	0.0221	0.0064	0.9936	0.1388	0.8612
87820328	0.0031	0.0081	0.0375	0.9514	0.0004	0.9996	0.0069	0.9931
1157148438846308352	0.5036	0.0283	0.4349	0.0333	0.0038	0.9962	0.0	1.0
1195495050911703040	0.0144	0.5344	0.0014	0.4499	0.0005	0.9995	0.0002	0.9998
216001362	0.0024	0.9969	0.0004	0.0002	0.0009	0.9991	0.0	1.0
875180831425220608	0.0012	0.0163	0.0006	0.982	0.0035	0.9965	0.0087	0.9913
142895119	0.007	0.0047	0.0064	0.982	0.0078	0.9922	0.0025	0.9975
871284830708695040	0.0736	0.0	0.926	0.0004	0.882	0.118	0.0001	0.9999
2295666326	0.9425	0.0087	0.0452	0.0036	0.037	0.963	0.0	1.0
2983619604	0.7108	0.0563	0.2011	0.0318	0.0023	0.9977	0.0001	0.9999
744466500	0.1265	0.0219	0.8513	0.0003	0.0056	0.9944	0.0	1.0
154520925	0.0003	0.0006	0.0	0.9991	0.0001	0.9999	0.0	1.0
21808345	0.3735	0.0211	0.5845	0.0208	0.0007	0.9993	0.0	1.0
1198375045732552704	0.0102	0.0079	0.0052	0.9767	0.1305	0.8695	0.9222	0.0778
719502445	0.0	0.0	0.0	1.0	0.0005	0.9995	0.0006	0.9994
29710633	0.0	0.0	0.0	0.9999	0.0022	0.9978	0.0038	0.9962
347877534	0.3298	0.3465	0.0237	0.3	0.001	0.999	0.0	1.0
1006191138645032963	0.5016	0.0091	0.4727	0.0165	0.9388	0.0612	0.0001	0.9999
347938808	0.6672	0.1438	0.0676	0.1215	0.006	0.994	0.0002	0.9998
262579951	0.8057	0.1107	0.0802	0.0034	0.984	0.016	0.0	1.0
275581908	0.3839	0.5503	0.0187	0.0471	0.9992	0.0008	0.0	1.0
128167664	0.7797	0.0553	0.163	0.0019	0.9977	0.0023	0.0	1.0
10454202	0.0099	0.0374	0.0016	0.9511	0.0002	0.9998	0.0	1.0
19026728	0.1508	0.8308	0.0087	0.0097	0.9953	0.0047	0.0001	0.9999
2701747572	0.3396	0.3353	0.0259	0.2993	0.9938	0.0062	0.0002	0.9998
875180831425220608	0.0012	0.0163	0.0006	0.982	0.0035	0.9965	0.0087	0.9913
15167686	0.0505	0.8492	0.0034	0.0968	0.0013	0.9987	0.0001	0.9999
50298176	0.0002	0.0004	0.0001	0.9993	0.3024	0.6976	0.0049	0.9951
36902030	0.0013	0.0049	0.0005	0.9933	0.9982	0.0018	0.0009	0.9991
1287901176	0.4045	0.1842	0.0346	0.3766	0.0024	0.9976	0.0003	0.9997
2963151673	0.012	0.0195	0.0015	0.967	0.0012	0.9988	0.0001	0.9999
22111680	0.4405	0.01	0.547	0.0025	0.932	0.068	0.0003	0.9997
132865099	0.0006	0.0009	0.0003	0.9982	0.0009	0.9991	0.0003	0.9997
1259015875937464325	0.0154	0.06	0.0091	0.9155	0.0005	0.9995	0.0002	0.9998
1121999566289555456	0.0701	0.2583	0.0736	0.598	0.9985	0.0015	0.0002	0.9998
2820223897	0.0045	0.9929	0.0006	0.002	0.9937	0.0063	0.0002	0.9998
868101092676050944	0.059	0.8952	0.004	0.0419	0.9995	0.0005	0.0	1.0
1442495088	0.0007	0.0013	0.0004	0.9976	0.0004	0.9996	0.0003	0.9997
36591560	0.4107	0.0483	0.381	0.16	0.0138	0.9862	0.0012	0.9988
1014744625272115200	0.679	0.209	0.0201	0.0918	0.9661	0.0339	0.0048	0.9952
747123066	0.0001	0.0001	0.0002	0.9996	0.998	0.002	0.0009	0.9991
3306588696	0.1806	0.1269	0.0077	0.6848	0.0033	0.9967	0.0006	0.9994
64146945	0.1732	0.4523	0.0043	0.3702	0.0218	0.9782	0.0001	0.9999
46541926	0.0056	0.2357	0.0005	0.7582	0.9992	0.0008	0.0001	0.9999
2650542200	0.0583	0.0005	0.941	0.0002	0.9653	0.0347	0.0	1.0
1108565574	0.0002	0.0003	0.0001	0.9995	0.0046	0.9954	0.0045	0.9955
23570504	0.7003	0.1442	0.1402	0.0152	0.2774	0.7226	0.0058	0.9942
931363050665287680	0.0863	0.1355	0.0026	0.7756	0.0008	0.9992	0.0	1.0
851280259290775552	0.0014	0.0004	0.0007	0.9975	0.0002	0.9998	0.7592	0.2408
26956878	0.4566	0.0521	0.0567	0.4346	0.0073	0.9927	0.0011	0.9989
50318402	0.0013	0.9959	0.0	0.0028	0.0005	0.9995	0.0013	0.9987
878655300	0.0001	0.0001	0.0001	0.9998	0.0003	0.9997	0.0017	0.9983
1145008539254972417	0.2655	0.0074	0.723	0.0042	0.0039	0.9961	0.0	1.0
548925465	0.0001	0.0001	0.0001	0.9997	0.0003	0.9997	0.002	0.998
22248280	0.2805	0.6858	0.0216	0.012	0.9204	0.0796	0.0002	0.9998
23421423	0.6931	0.0649	0.2382	0.0038	0.4376	0.5624	0.0	1.0
2209239877	0.0154	0.8861	0.005	0.0935	0.0116	0.9884	0.0001	0.9999
316927760	0.6456	0.0297	0.3199	0.0048	0.9157	0.0843	0.0	1.0
437980269	0.6109	0.1186	0.2387	0.0318	0.1719	0.8281	0.0	1.0
289290789	0.391	0.387	0.0178	0.2041	0.0014	0.9986	0.0	1.0
497329943	0.7697	0.0136	0.2081	0.0086	0.9679	0.0321	0.0	1.0
34889083	0.8657	0.0129	0.1092	0.0122	0.0039	0.9961	0.0001	0.9999
2199299744	0.0986	0.019	0.8818	0.0005	0.7682	0.2318	0.0001	0.9999
737216287219154944	0.7022	0.0062	0.2862	0.0053	0.9143	0.0857	0.0	1.0
34889083	0.8657	0.0129	0.1092	0.0122	0.0039	0.9961	0.0001	0.9999
914693180259368962	0.1568	0.7126	0.0032	0.1273	0.0005	0.9995	0.0	1.0
208944875	0.0364	0.7984	0.0107	0.1545	0.0004	0.9996	0.0301	0.9699
962136433	0.2013	0.0876	0.0173	0.6938	0.9468	0.0532	0.0013	0.9987
962136433	0.2013	0.0876	0.0173	0.6938	0.9468	0.0532	0.0013	0.9987
21425518	0.6598	0.1842	0.094	0.062	0.0001	0.9999	0.0125	0.9875
2270999887	0.1842	0.7547	0.0032	0.0579	0.01	0.99	0.0	1.0
20032587	0.0085	0.0184	0.0057	0.9675	0.9968	0.0032	0.0016	0.9984
803399956019040256	0.494	0.038	0.3406	0.1274	0.0078	0.9922	0.0001	0.9999
2378693498	0.3532	0.136	0.3508	0.16	0.0059	0.9941	0.0	1.0
14289331	0.0099	0.0357	0.0007	0.9536	0.0018	0.9982	0.0005	0.9995
986277960	0.0809	0.1948	0.0537	0.6707	0.9965	0.0035	0.0	1.0
59745423	0.9491	0.0019	0.0472	0.0018	0.011	0.989	0.0	1.0
1066556694736576512	0.7874	0.0037	0.1922	0.0166	0.9965	0.0035	0.0	1.0
4028846059	0.1986	0.1721	0.0347	0.5946	0.0022	0.9978	0.0003	0.9997
1147331532798881792	0.8186	0.0311	0.1443	0.006	0.9836	0.0164	0.0	1.0
14160364	0.0433	0.361	0.0022	0.5934	0.0002	0.9998	0.0017	0.9983
1117643769749262336	0.5694	0.0045	0.4224	0.0037	0.6888	0.3112	0.0	1.0
374408898	0.1486	0.6152	0.0228	0.2134	0.9981	0.0019	0.0005	0.9995
22599303	0.4136	0.2998	0.0052	0.2814	0.9964	0.0036	0.0	1.0
297148960	0.9435	0.0077	0.0433	0.0054	0.9988	0.0012	0.0	1.0
2591068388	0.2167	0.0071	0.7749	0.0013	0.0429	0.9571	0.0034	0.9966
56254574	0.9753	0.0142	0.0101	0.0003	0.9351	0.0649	0.0	1.0
27997833	0.5099	0.3793	0.1046	0.0062	0.993	0.007	0.0001	0.9999
963289553682317313	0.389	0.0867	0.4774	0.0468	0.9391	0.0609	0.0005	0.9995
19711206	0.1838	0.8079	0.0009	0.0074	0.0041	0.9959	0.0001	0.9999
301427694	0.1989	0.699	0.0402	0.0619	0.9091	0.0909	0.0002	0.9998
41741127	0.6177	0.0746	0.3044	0.0033	0.0023	0.9977	0.3858	0.6142
4032367415	0.837	0.063	0.0952	0.0049	0.3211	0.6789	0.0	1.0
2799279631	0.1113	0.0129	0.0484	0.8274	0.0025	0.9975	0.0001	0.9999
208944875	0.0364	0.7984	0.0107	0.1545	0.0004	0.9996	0.0301	0.9699
227560734	0.713	0.0267	0.2474	0.0128	0.0036	0.9964	0.0	1.0
3223046826	0.0447	0.0001	0.9551	0.0002	0.9774	0.0226	0.0	1.0
2265736110	0.6157	0.0684	0.2769	0.0389	0.9849	0.0151	0.0002	0.9998
19695954	0.0515	0.912	0.0153	0.0212	0.9972	0.0028	0.0668	0.9332
398446550	0.6779	0.0006	0.3202	0.0013	0.8289	0.1711	0.0	1.0
783491763218423809	0.5999	0.0322	0.3604	0.0075	0.5502	0.4498	0.0001	0.9999
535267204	0.6351	0.0218	0.2881	0.055	0.9976	0.0024	0.0002	0.9998
19573120	0.158	0.7835	0.0408	0.0178	0.4381	0.5619	0.0123	0.9877
14294400	0.0001	0.0232	0.0001	0.9766	0.0021	0.9979	0.0004	0.9996
130722289	0.0458	0.7695	0.0045	0.1802	0.0006	0.9994	0.0001	0.9999
985388275	0.5907	0.0428	0.3546	0.0119	0.0022	0.9978	0.0	1.0
983876262614654976	0.6293	0.1126	0.0387	0.2194	0.0353	0.9647	0.0027	0.9973
38650214	0.0068	0.0217	0.0024	0.9691	0.0147	0.9853	0.0997	0.9003
22708423	0.5416	0.289	0.1575	0.0118	0.9857	0.0143	0.0001	0.9999
770976049	0.0061	0.85	0.0003	0.1436	0.9976	0.0024	0.0	1.0
26630423	0.0813	0.7058	0.0089	0.204	0.9981	0.0019	0.555	0.445
3017926214	0.4037	0.0223	0.56	0.0141	0.1974	0.8026	0.0	1.0
39051894	0.0705	0.0107	0.9048	0.014	0.3863	0.6137	0.0344	0.9656
119982862	0.3077	0.3273	0.0372	0.3279	0.0	1.0	0.0002	0.9998
34127111	0.1113	0.8726	0.0094	0.0067	0.9996	0.0004	0.0197	0.9803
20947591	0.0113	0.001	0.0028	0.9849	0.0013	0.9987	0.0	1.0
823550539	0.2154	0.0463	0.1835	0.5547	0.0105	0.9895	0.0001	0.9999
37157016	0.0429	0.4365	0.0171	0.5035	0.0019	0.9981	0.0075	0.9925
607676846	0.0689	0.9056	0.0012	0.0242	0.0116	0.9884	0.0001	0.9999
738365131	0.0273	0.2318	0.0013	0.7396	0.9969	0.0031	0.0019	0.9981
241926759	0.9509	0.0355	0.0134	0.0002	0.8248	0.1752	0.0	1.0
387544419	0.6641	0.0165	0.316	0.0034	0.996	0.004	0.0	1.0
1016230039287840769	0.836	0.0816	0.0793	0.0032	0.0097	0.9903	0.0	1.0
22248280	0.2805	0.6858	0.0216	0.012	0.9204	0.0796	0.0002	0.9998
2300782225	0.4379	0.4773	0.0696	0.0152	0.0043	0.9957	0.0001	0.9999
216484327	0.0089	0.0475	0.0017	0.9418	0.9919	0.0081	0.0004	0.9996
2820223897	0.0045	0.9929	0.0006	0.002	0.9937	0.0063	0.0002	0.9998
3168041406	0.1539	0.4563	0.0065	0.3833	0.9978	0.0022	0.0029	0.9971
2909402289	0.0053	0.0072	0.0014	0.9862	0.0017	0.9983	0.0002	0.9998
1041681098474840064	0.3156	0.0158	0.5681	0.1004	0.9856	0.0144	0.0	1.0
1061139441417314305	0.0003	0.0004	0.0003	0.9991	0.9863	0.0137	0.1317	0.8683
1025939055215689728	0.0963	0.1456	0.5712	0.1868	0.9098	0.0902	0.0628	0.9372
746804263	0.4685	0.3214	0.1844	0.0258	0.9367	0.0633	0.0006	0.9994
3243357940	0.3495	0.4169	0.1479	0.0857	0.0023	0.9977	0.0001	0.9999
3897714794	0.6613	0.0696	0.2603	0.0088	0.9971	0.0029	0.0	1.0
21193878	0.5593	0.3084	0.0995	0.0327	0.0	1.0	0.0	1.0
29937989	0.1454	0.6947	0.0907	0.0693	0.9997	0.0003	0.0003	0.9997
610949681	0.651	0.0728	0.2697	0.0065	0.0441	0.9559	0.0	1.0
94530861	0.2476	0.6983	0.0275	0.0265	0.977	0.023	0.0	1.0
2266986421	0.0065	0.0	0.9935	0.0	0.9485	0.0515	0.0	1.0
1051045759292862465	0.0051	0.9039	0.0048	0.0862	0.0001	0.9999	0.0	1.0
22111680	0.4405	0.01	0.547	0.0025	0.932	0.068	0.0003	0.9997
354650203	0.3025	0.0011	0.696	0.0004	0.9881	0.0119	0.0	1.0
404491165	0.0004	0.0005	0.0004	0.9987	0.9976	0.0024	0.0	1.0
256863305	0.6063	0.0003	0.393	0.0004	0.9762	0.0238	0.0	1.0
347424817	0.3819	0.291	0.0451	0.282	0.0127	0.9873	0.0	1.0
1047380760120848384	0.6345	0.0049	0.3571	0.0034	0.9883	0.0117	0.0	1.0
1875497383	0.6216	0.0395	0.3105	0.0284	0.9977	0.0023	0.0	1.0
92033426	0.6787	0.2785	0.0323	0.0105	0.9789	0.0211	0.0002	0.9998
2881966434	0.5285	0.0869	0.3457	0.0388	0.3423	0.6577	0.0007	0.9993
164786871	0.0216	0.5987	0.007	0.3727	0.8629	0.1371	0.0099	0.9901
141789345	0.8157	0.0314	0.1504	0.0025	0.9379	0.0621	0.0012	0.9988
462067110	0.3123	0.0952	0.5811	0.0115	0.0123	0.9877	0.0285	0.9715
1041681098474840064	0.3156	0.0158	0.5681	0.1004	0.9856	0.0144	0.0	1.0
2862477860	0.4018	0.5703	0.003	0.0249	0.9954	0.0046	0.0	1.0
1243025179	0.0609	0.4877	0.004	0.4473	0.8969	0.1031	0.0	1.0
1922187930	0.8741	0.0431	0.0782	0.0046	0.9942	0.0058	0.0	1.0
583230721	0.3127	0.1651	0.366	0.1563	0.3245	0.6755	0.0023	0.9977
3825330973	0.1757	0.7577	0.0137	0.0528	0.6092	0.3908	0.0037	0.9963
46852364	0.2059	0.0386	0.0342	0.7212	0.0048	0.9952	0.0001	0.9999
867850609084465153	0.5241	0.0164	0.4583	0.0012	0.9957	0.0043	0.0	1.0
823550539	0.2154	0.0463	0.1835	0.5547	0.0105	0.9895	0.0001	0.9999
2979486932	0.0748	0.1271	0.018	0.7801	0.0066	0.9934	0.0	1.0
1017236062681247744	0.4687	0.0081	0.5203	0.003	0.9451	0.0549	0.0016	0.9984
183577856	0.1163	0.014	0.2914	0.5783	0.6182	0.3818	0.009	0.991
823550539	0.2154	0.0463	0.1835	0.5547	0.0105	0.9895	0.0001	0.9999
823550539	0.2154	0.0463	0.1835	0.5547	0.0105	0.9895	0.0001	0.9999
1016230039287840769	0.836	0.0816	0.0793	0.0032	0.0097	0.9903	0.0	1.0
25679722	0.027	0.9494	0.0054	0.0182	0.9793	0.0207	0.0001	0.9999
20077591	0.0001	0.0001	0.0	0.9998	0.0002	0.9998	0.0002	0.9998
823550539	0.2154	0.0463	0.1835	0.5547	0.0105	0.9895	0.0001	0.9999
124157007	0.1954	0.7033	0.0018	0.0995	0.9955	0.0045	0.0022	0.9978
2388698742	0.3178	0.2135	0.0153	0.4533	0.003	0.997	0.0011	0.9989
520524076	0.3575	0.3301	0.2823	0.0301	0.6235	0.3765	0.0165	0.9835
27712484	0.2469	0.6355	0.1081	0.0094	0.9978	0.0022	0.0	1.0
1970791	0.5372	0.0774	0.0851	0.3003	0.0055	0.9945	0.0	1.0
53292926	0.0005	0.0006	0.0002	0.9987	0.9995	0.0005	0.0006	0.9994
12135892	0.0024	0.9879	0.0001	0.0096	0.999	0.001	0.0001	0.9999
994824106448179201	0.5696	0.285	0.0972	0.0482	0.3964	0.6036	0.0003	0.9997
23896497	0.0166	0.9469	0.001	0.0355	0.998	0.002	0.0001	0.9999
262093392	0.0001	0.0007	0.0001	0.9991	0.0002	0.9998	0.0124	0.9876
823550539	0.2154	0.0463	0.1835	0.5547	0.0105	0.9895	0.0001	0.9999
4057196652	0.7913	0.0004	0.2081	0.0001	0.4978	0.5022	0.0	1.0
26630423	0.0813	0.7058	0.0089	0.204	0.9981	0.0019	0.555	0.445
820431428835885059	0.0083	0.0004	0.0572	0.9341	0.0003	0.9997	0.0848	0.9152
967257871913172993	0.0523	0.9388	0.0035	0.0053	0.005	0.995	0.0002	0.9998
2396884093	0.5989	0.0478	0.3493	0.0041	0.0452	0.9548	0.0001	0.9999
483650673	0.0023	0.972	0.0001	0.0256	0.0001	0.9999	0.0001	0.9999
245641487	0.463	0.017	0.4999	0.0202	0.9231	0.0769	0.0	1.0
827373219296391168	0.008	0.2434	0.0098	0.7387	0.9969	0.0031	0.0048	0.9952
263409204	0.2195	0.6904	0.0083	0.0818	0.0812	0.9188	0.2131	0.7869
21523882	0.2342	0.0544	0.699	0.0123	0.1485	0.8515	0.106	0.894
1440915414	0.3497	0.0018	0.6463	0.0022	0.8745	0.1255	0.0	1.0
1910081821	0.0562	0.9427	0.0004	0.0007	0.9979	0.0021	0.0001	0.9999
170631714	0.7715	0.1104	0.1046	0.0134	0.0103	0.9897	0.0059	0.9941
1652439061	0.3546	0.5883	0.0399	0.0172	0.0128	0.9872	0.0004	0.9996
50298176	0.0002	0.0004	0.0001	0.9993	0.3024	0.6976	0.0049	0.9951
823550539	0.2154	0.0463	0.1835	0.5547	0.0105	0.9895	0.0001	0.9999
1119489157875658752	0.6231	0.007	0.3623	0.0076	0.9774	0.0226	0.0	1.0
803641382	0.1589	0.6988	0.0406	0.1017	0.0122	0.9878	0.0001	0.9999
414453184	0.0014	0.0019	0.0002	0.9965	0.9981	0.0019	0.0005	0.9995
81957754	0.0001	0.0004	0.0001	0.9994	0.0006	0.9994	0.0002	0.9998
18327622	0.0261	0.9645	0.0036	0.0058	0.9962	0.0038	0.0004	0.9996
215562059	0.8797	0.0423	0.068	0.0099	0.0088	0.9912	0.0001	0.9999
1126012840681205761	0.3692	0.6172	0.0116	0.002	0.9895	0.0105	0.0	1.0
823550539	0.2154	0.0463	0.1835	0.5547	0.0105	0.9895	0.0001	0.9999
2421057675	0.4224	0.0255	0.5476	0.0045	0.1291	0.8709	0.0009	0.9991
140421021	0.3347	0.5429	0.0877	0.0347	0.4809	0.5191	0.0001	0.9999
635418577	0.1571	0.7764	0.0076	0.0589	0.003	0.997	0.0	1.0
3030205438	0.0005	0.0002	0.0005	0.9988	0.0061	0.9939	0.0001	0.9999
206057032	0.8013	0.035	0.1609	0.0028	0.1217	0.8783	0.0	1.0
147801884	0.5274	0.2595	0.1275	0.0856	0.004	0.996	0.0003	0.9997
734703554	0.0317	0.9626	0.0003	0.0053	0.9995	0.0005	0.0	1.0
119977356	0.7703	0.0027	0.2143	0.0127	0.9951	0.0049	0.0	1.0
96690601	0.4447	0.2289	0.1388	0.1877	0.81	0.19	0.0006	0.9994
67831021	0.1751	0.0019	0.8228	0.0002	0.9167	0.0833	0.0	1.0
114128072	0.0092	0.6551	0.0008	0.335	0.0004	0.9996	0.0002	0.9998
1083542374083489792	0.4076	0.0114	0.5639	0.0171	0.9958	0.0042	0.2932	0.7068
170238260	0.1478	0.1855	0.0173	0.6494	0.4588	0.5412	0.0001	0.9999
2676329593	0.0023	0.0022	0.0024	0.9931	0.0121	0.9879	0.0001	0.9999
1513804554	0.647	0.0459	0.2827	0.0245	0.0623	0.9377	0.0	1.0
20236790	0.075	0.6706	0.0094	0.245	0.9863	0.0137	0.0002	0.9998
1129103735420882944	0.391	0.6037	0.0021	0.0032	0.9982	0.0018	0.0001	0.9999
496112511	0.6332	0.0027	0.3617	0.0024	0.8612	0.1388	0.0	1.0
1431555540	0.3611	0.4659	0.1026	0.0703	0.9897	0.0103	0.0001	0.9999
377236901	0.0086	0.9889	0.002	0.0005	0.0011	0.9989	0.0	1.0
241427443	0.6898	0.0706	0.2336	0.0059	0.939	0.061	0.0	1.0
868101092676050944	0.059	0.8952	0.004	0.0419	0.9995	0.0005	0.0	1.0
186749568	0.0009	0.0003	0.0003	0.9985	0.0013	0.9987	0.0002	0.9998
126776118	0.0	0.0	0.0	0.9999	0.998	0.002	0.0016	0.9984
1652439061	0.3546	0.5883	0.0399	0.0172	0.0128	0.9872	0.0004	0.9996
1020619449253019648	0.1863	0.1428	0.6035	0.0675	0.0006	0.9994	0.0	1.0
15513006	0.6654	0.1519	0.1777	0.005	0.0112	0.9888	0.0	1.0
1542402698	0.0196	0.0824	0.0034	0.8946	0.0072	0.9928	0.0028	0.9972
491151645	0.1537	0.8432	0.0024	0.0007	0.9991	0.0009	0.0	1.0
446073147	0.59	0.2171	0.1764	0.0165	0.9786	0.0214	0.0002	0.9998
707134246414987264	0.0516	0.0711	0.0064	0.8709	0.0929	0.9071	0.0001	0.9999
170238260	0.1478	0.1855	0.0173	0.6494	0.4588	0.5412	0.0001	0.9999
214770574	0.2921	0.0616	0.4022	0.2441	0.0006	0.9994	0.0382	0.9618
1080058461122048000	0.5976	0.0091	0.3873	0.006	0.9768	0.0232	0.0	1.0
295655906	0.6133	0.0256	0.3528	0.0083	0.9866	0.0134	0.0008	0.9992
51378153	0.0092	0.0064	0.0048	0.9797	0.0043	0.9957	0.6325	0.3675
993931969	0.5179	0.0005	0.4811	0.0004	0.856	0.144	0.0	1.0
1080058461122048000	0.5976	0.0091	0.3873	0.006	0.9768	0.0232	0.0	1.0
33169302	0.4319	0.0035	0.5625	0.002	0.8096	0.1904	0.0001	0.9999
484653639	0.6391	0.1069	0.1821	0.0719	0.9968	0.0032	0.0	1.0
484653639	0.6391	0.1069	0.1821	0.0719	0.9968	0.0032	0.0	1.0
2820223897	0.0045	0.9929	0.0006	0.002	0.9937	0.0063	0.0002	0.9998
40648344	0.6322	0.1041	0.1899	0.0738	0.0266	0.9734	0.0001	0.9999
530961025	0.1024	0.1712	0.0121	0.7143	0.9993	0.0007	0.0002	0.9998
231140592	0.8746	0.1095	0.0029	0.013	0.0004	0.9996	0.0	1.0
375683285	0.276	0.6971	0.0246	0.0023	0.009	0.991	0.0	1.0
742677569145704449	0.4988	0.0956	0.2558	0.1498	0.1635	0.8365	0.0009	0.9991
823550539	0.2154	0.0463	0.1835	0.5547	0.0105	0.9895	0.0001	0.9999
1139821412804227072	0.4245	0.0242	0.4991	0.0523	0.8676	0.1324	0.0002	0.9998
23554087	0.0612	0.8928	0.0081	0.0379	0.0024	0.9976	0.0	1.0
2238962702	0.0616	0.0705	0.0164	0.8516	0.0755	0.9245	0.8647	0.1353
823550539	0.2154	0.0463	0.1835	0.5547	0.0105	0.9895	0.0001	0.9999
404491165	0.0004	0.0005	0.0004	0.9987	0.9976	0.0024	0.0	1.0
144404210	0.0018	0.0173	0.0007	0.9801	0.0002	0.9998	0.0002	0.9998
734703554	0.0317	0.9626	0.0003	0.0053	0.9995	0.0005	0.0	1.0
988686980	0.0408	0.9305	0.0064	0.0224	0.9941	0.0059	0.0	1.0
34884532	0.649	0.1141	0.1675	0.0695	0.0878	0.9122	0.0005	0.9995
34884532	0.649	0.1141	0.1675	0.0695	0.0878	0.9122	0.0005	0.9995
52352657	0.0139	0.0094	0.0158	0.9609	0.0005	0.9995	0.0101	0.9899
1060338999611420672	0.8216	0.1059	0.0459	0.0266	0.9842	0.0158	0.0005	0.9995
948688322	0.5054	0.1635	0.1048	0.2262	0.0053	0.9947	0.0	1.0
821625889058422784	0.3666	0.3016	0.2606	0.0711	0.9311	0.0689	0.0004	0.9996
1020619449253019648	0.1863	0.1428	0.6035	0.0675	0.0006	0.9994	0.0	1.0
170238260	0.1478	0.1855	0.0173	0.6494	0.4588	0.5412	0.0001	0.9999
40964106	0.0083	0.268	0.0011	0.7226	0.9918	0.0082	0.004	0.996
2516200741	0.2867	0.0028	0.7086	0.0018	0.3174	0.6826	0.0	1.0
3147946819	0.0	0.0	0.0	0.9999	0.0001	0.9999	0.0002	0.9998
826332877457481728	0.0934	0.1305	0.6365	0.1395	0.9976	0.0024	0.0005	0.9995
1006232250	0.1411	0.8499	0.0052	0.0038	0.6993	0.3007	0.0001	0.9999
710005694	0.2016	0.0025	0.7951	0.0008	0.0036	0.9964	0.0	1.0
3147946819	0.0	0.0	0.0	0.9999	0.0001	0.9999	0.0002	0.9998
997073821	0.3653	0.5994	0.0072	0.0281	0.0	1.0	0.0001	0.9999
343730144	0.9476	0.017	0.0195	0.0159	0.0007	0.9993	0.0	1.0
977381698458435584	0.5513	0.0804	0.298	0.0703	0.8575	0.1425	0.0006	0.9994
1445711233	0.1597	0.0005	0.8387	0.0011	0.1424	0.8576	0.0001	0.9999
462067110	0.3123	0.0952	0.5811	0.0115	0.0123	0.9877	0.0285	0.9715
823550539	0.2154	0.0463	0.1835	0.5547	0.0105	0.9895	0.0001	0.9999
19965602	0.0374	0.9486	0.0067	0.0073	0.9957	0.0043	0.0	1.0
823550539	0.2154	0.0463	0.1835	0.5547	0.0105	0.9895	0.0001	0.9999
616813699	0.0533	0.0217	0.0097	0.9153	0.9945	0.0055	0.0	1.0
718901215543726080	0.0182	0.9458	0.0344	0.0016	0.644	0.356	0.0001	0.9999
966122707656982528	0.2048	0.1642	0.0724	0.5586	0.6327	0.3673	0.9541	0.0459
1092390280865566721	0.8852	0.027	0.087	0.0008	0.9734	0.0266	0.0001	0.9999
504266819	0.4093	0.4476	0.074	0.0691	0.9867	0.0133	0.002	0.998
823550539	0.2154	0.0463	0.1835	0.5547	0.0105	0.9895	0.0001	0.9999
823550539	0.2154	0.0463	0.1835	0.5547	0.0105	0.9895	0.0001	0.9999
997073821	0.3653	0.5994	0.0072	0.0281	0.0	1.0	0.0001	0.9999
456507023	0.2896	0.7067	0.0011	0.0025	0.0006	0.9994	0.0	1.0
1964781961	0.5763	0.0043	0.4158	0.0036	0.5281	0.4719	0.0011	0.9989
979132953232949249	0.1009	0.7006	0.0293	0.1691	0.9988	0.0012	0.0	1.0
1075149073	0.452	0.0777	0.1359	0.3344	0.0003	0.9997	0.0003	0.9997
21377913	0.0764	0.9116	0.0108	0.0012	0.8796	0.1204	0.0	1.0
823550539	0.2154	0.0463	0.1835	0.5547	0.0105	0.9895	0.0001	0.9999
70353173	0.5548	0.3579	0.0781	0.0092	0.0372	0.9628	0.0	1.0
450621234	0.7061	0.0606	0.1657	0.0676	0.0011	0.9989	0.0013	0.9987
2477919056	0.8652	0.1205	0.0075	0.0067	0.9129	0.0871	0.0	1.0
2906810304	0.6205	0.0199	0.2276	0.1319	0.1916	0.8084	0.0036	0.9964
255812880	0.0695	0.1267	0.0009	0.8029	0.9991	0.0009	0.0	1.0
1030771816199942144	0.0006	0.0006	0.0004	0.9983	0.0044	0.9956	0.0043	0.9957
3158539489	0.0	0.0	0.0	0.9999	0.3005	0.6995	0.0075	0.9925
3147946819	0.0	0.0	0.0	0.9999	0.0001	0.9999	0.0002	0.9998
261761534	0.8479	0.0076	0.1438	0.0007	0.0197	0.9803	0.0	1.0
2879397149	0.9802	0.0018	0.0167	0.0013	0.9971	0.0029	0.0	1.0
14573272	0.02	0.0258	0.0017	0.9526	0.0001	0.9999	0.0	1.0
3318631394	0.1649	0.7874	0.0115	0.0362	0.0012	0.9988	0.0001	0.9999
715096947594387456	0.7624	0.0142	0.2182	0.0051	0.9893	0.0107	0.0	1.0
557333386	0.0935	0.0128	0.8921	0.0016	0.9522	0.0478	0.0001	0.9999
2316960776	0.8133	0.0188	0.1654	0.0025	0.9614	0.0386	0.0	1.0
380749366	0.5468	0.3214	0.06	0.0719	0.8433	0.1567	0.0	1.0
1027160534242611200	0.7302	0.0236	0.2403	0.0058	0.7646	0.2354	0.0007	0.9993
1092390280865566721	0.8852	0.027	0.087	0.0008	0.9734	0.0266	0.0001	0.9999
380749366	0.5468	0.3214	0.06	0.0719	0.8433	0.1567	0.0	1.0
4903200306	0.5821	0.2123	0.1943	0.0113	0.0278	0.9722	0.0002	0.9998
2468164758	0.9944	0.0023	0.0023	0.001	0.0766	0.9234	0.0	1.0
46868915	0.0127	0.0085	0.005	0.9738	0.0048	0.9952	0.0001	0.9999
21451212	0.8309	0.0215	0.1349	0.0127	0.6492	0.3508	0.0002	0.9998
21835219	0.1553	0.003	0.7925	0.0492	0.5229	0.4771	0.0022	0.9978
554926641	0.7557	0.1254	0.1032	0.0157	0.9728	0.0272	0.0003	0.9997
950655006	0.2996	0.6424	0.0438	0.0142	0.0	1.0	0.0	1.0
713403	0.02	0.0285	0.0005	0.951	0.0777	0.9223	0.0	1.0
462067110	0.3123	0.0952	0.5811	0.0115	0.0123	0.9877	0.0285	0.9715
84552875	0.0218	0.2525	0.0019	0.7239	0.0008	0.9992	0.0001	0.9999
95150061	0.5995	0.1029	0.2893	0.0083	0.7467	0.2533	0.0001	0.9999
718901215543726080	0.0182	0.9458	0.0344	0.0016	0.644	0.356	0.0001	0.9999
823550539	0.2154	0.0463	0.1835	0.5547	0.0105	0.9895	0.0001	0.9999
921951708955025408	0.088	0.0361	0.0325	0.8434	0.0004	0.9996	0.0	1.0
20102892	0.0092	0.5366	0.0005	0.4537	0.0003	0.9997	0.0	1.0
823550539	0.2154	0.0463	0.1835	0.5547	0.0105	0.9895	0.0001	0.9999
1067871289	0.39	0.0723	0.5236	0.014	0.9084	0.0916	0.0	1.0
823550539	0.2154	0.0463	0.1835	0.5547	0.0105	0.9895	0.0001	0.9999
703826732634124289	0.31	0.0141	0.6328	0.0431	0.188	0.812	0.0089	0.9911
1970791	0.5372	0.0774	0.0851	0.3003	0.0055	0.9945	0.0	1.0
156040748	0.1008	0.064	0.0063	0.8289	0.0009	0.9991	0.0	1.0
1141990436346585088	0.5789	0.1304	0.288	0.0027	0.1541	0.8459	0.0	1.0
1142776411960164352	0.0	0.0002	0.0001	0.9996	0.9911	0.0089	0.0	1.0
154717863	0.001	0.0065	0.0002	0.9923	0.0002	0.9998	0.0008	0.9992
143009202	0.197	0.6292	0.0265	0.1472	0.8051	0.1949	0.0	1.0
4057196652	0.7913	0.0004	0.2081	0.0001	0.4978	0.5022	0.0	1.0
864151160	0.0013	0.9884	0.0001	0.0102	0.9572	0.0428	0.0	1.0
868101092676050944	0.059	0.8952	0.004	0.0419	0.9995	0.0005	0.0	1.0
3147946819	0.0	0.0	0.0	0.9999	0.0001	0.9999	0.0002	0.9998
3017926214	0.4037	0.0223	0.56	0.0141	0.1974	0.8026	0.0	1.0
13818232	0.6668	0.0999	0.2124	0.0209	0.9215	0.0785	0.0	1.0
2820223897	0.0045	0.9929	0.0006	0.002	0.9937	0.0063	0.0002	0.9998
3311983394	0.6351	0.0089	0.3523	0.0037	0.9749	0.0251	0.0	1.0
473448446	0.0881	0.2594	0.0245	0.628	0.0009	0.999	0.0	1.0
2437156333	0.6518	0.0403	0.2745	0.0334	0.075	0.925	0.0005	0.9995
2371497864	0.1318	0.0119	0.1582	0.6982	0.0041	0.9959	0.0002	0.9998
823550539	0.2154	0.0463	0.1835	0.5547	0.0105	0.9895	0.0001	0.9999
2437156333	0.6518	0.0403	0.2745	0.0334	0.075	0.925	0.0005	0.9995
2437156333	0.6518	0.0403	0.2745	0.0334	0.075	0.925	0.0005	0.9995
388718307	0.1886	0.0046	0.7954	0.0114	0.0024	0.9976	0.0	1.0
387420571	0.1081	0.0007	0.8911	0.0001	0.0015	0.9985	0.0001	0.9999
1059286494328741888	0.3264	0.3772	0.1621	0.1344	0.0207	0.9793	0.0002	0.9998
1089678982847488005	0.0075	0.0001	0.9919	0.0006	0.9938	0.0062	0.0003	0.9997
203509466	0.7586	0.0002	0.2406	0.0006	0.0627	0.9373	0.0	1.0
754112287896539137	0.7147	0.0059	0.2692	0.0102	0.9177	0.0823	0.0	1.0
242299173	0.0088	0.034	0.0014	0.9559	0.9934	0.0066	0.0008	0.9992
23853876	0.1007	0.8632	0.0065	0.0296	0.0002	0.9998	0.0001	0.9999
297148960	0.9435	0.0077	0.0433	0.0054	0.9988	0.0012	0.0	1.0
205611797	0.5426	0.4506	0.0041	0.0027	0.9957	0.0043	0.0	1.0
2471793524	0.0	0.0	0.0	1.0	0.0024	0.9976	0.0108	0.9892
615960562	0.0057	0.9475	0.0006	0.0462	0.0013	0.9987	0.0001	0.9999
34889083	0.8657	0.0129	0.1092	0.0122	0.0039	0.9961	0.0001	0.9999
20084233	0.6495	0.0824	0.2457	0.0224	0.9943	0.0057	0.0	1.0
28570424	0.005	0.0072	0.0017	0.9861	0.0012	0.9988	0.0001	0.9999
3823445472	0.1303	0.0147	0.8535	0.0015	0.6081	0.3919	0.0001	0.9999
162266849	0.8147	0.0115	0.1479	0.0259	0.9651	0.0349	0.0013	0.9987
1117875109	0.0001	0.0002	0.0001	0.9996	0.9974	0.0026	0.0001	0.9999
573618378	0.01	0.0493	0.0007	0.94	0.0002	0.9998	0.0	1.0
2377985859	0.9851	0.0017	0.0128	0.0004	0.9766	0.0234	0.0	1.0
366943105	0.3502	0.4615	0.0499	0.1384	0.001	0.999	0.0001	0.9999
27161628	0.3726	0.3921	0.0277	0.2077	0.0001	0.9999	0.0002	0.9998
721951374473240577	0.1389	0.8204	0.0021	0.0386	0.0015	0.9985	0.0	1.0
823550539	0.2154	0.0463	0.1835	0.5547	0.0105	0.9895	0.0001	0.9999
366943105	0.3502	0.4615	0.0499	0.1384	0.001	0.999	0.0001	0.9999
1382322426	0.0003	0.3019	0.0	0.6977	0.0002	0.9998	0.0002	0.9998
951092480	0.123	0.5017	0.0277	0.3476	0.0515	0.9485	0.0002	0.9998
341249189	0.1158	0.136	0.002	0.7462	0.996	0.004	0.0004	0.9996
707173056	0.6496	0.112	0.2005	0.0379	0.6561	0.3439	0.0003	0.9997
493823569	0.9858	0.0033	0.0078	0.003	0.0072	0.9928	0.0	1.0
2502382131	0.0374	0.2952	0.0058	0.6616	0.9966	0.0034	0.0061	0.9939
1137562877907177473	0.0022	0.0025	0.0003	0.9951	0.0012	0.9988	0.0002	0.9998
622789478	0.1024	0.3441	0.0135	0.54	0.026	0.974	0.0001	0.9999
818385310765621248	0.0186	0.0001	0.9812	0.0001	0.9768	0.0232	0.0	1.0
171058766	0.6928	0.032	0.2623	0.0128	0.0348	0.9652	0.0	1.0
339522364	0.9075	0.0469	0.0452	0.0004	0.9749	0.0251	0.0001	0.9999
172246187	0.3063	0.0001	0.6934	0.0002	0.8415	0.1585	0.0	1.0
1180380244844277761	0.1619	0.2774	0.157	0.4038	0.0018	0.9982	0.0	1.0
185983486	0.0009	0.0036	0.0002	0.9952	0.0029	0.9971	0.0001	0.9999
818139888663011332	0.8774	0.0205	0.0984	0.0036	0.9902	0.0098	0.0002	0.9998
29700947	0.0642	0.0339	0.0233	0.8787	0.9973	0.0027	0.0	1.0
252819589	0.2816	0.4254	0.1902	0.1028	0.2532	0.7468	0.0	1.0
970191219740454914	0.2402	0.2122	0.5217	0.0259	0.954	0.046	0.0496	0.9504
2835559901	0.9048	0.0202	0.072	0.003	0.0159	0.9841	0.0	1.0
2295967722	0.0093	0.9892	0.0004	0.001	0.9978	0.0022	0.0002	0.9998
823550539	0.2154	0.0463	0.1835	0.5547	0.0105	0.9895	0.0001	0.9999
2341274372	0.0014	0.0035	0.0005	0.9947	0.001	0.999	0.0001	0.9999
23890345	0.6265	0.1862	0.0548	0.1325	0.0009	0.9991	0.003	0.997
19817331	0.0194	0.9199	0.0005	0.0602	0.0005	0.9995	0.0003	0.9997
94585236	0.4623	0.4203	0.0669	0.0505	0.9727	0.0273	0.0001	0.9999
19852340	0.0856	0.8907	0.004	0.0197	0.991	0.009	0.0001	0.9999
2571454544	0.1713	0.0001	0.8252	0.0033	0.0116	0.9884	0.0	1.0
3038732756	0.7009	0.0284	0.2638	0.0068	0.971	0.029	0.0	1.0
395908023	0.628	0.0409	0.3157	0.0154	0.9539	0.0461	0.0	1.0
752013388281098240	0.5906	0.2984	0.0539	0.0571	0.9785	0.0215	0.0002	0.9998
1045000897909026816	0.3064	0.0013	0.6907	0.0016	0.0136	0.9864	0.0001	0.9999
982248971962740737	0.2432	0.6503	0.0483	0.0582	0.9898	0.0102	0.0	1.0
32838237	0.543	0.3829	0.0585	0.0155	0.8021	0.1979	0.0001	0.9999
80929513	0.3919	0.0178	0.5032	0.0871	0.2863	0.7137	0.0002	0.9998
249698402	0.0205	0.9618	0.0015	0.0163	0.996	0.004	0.0001	0.9999
982248971962740737	0.2432	0.6503	0.0483	0.0582	0.9898	0.0102	0.0	1.0
981442297	0.4861	0.0105	0.4995	0.004	0.2333	0.7667	0.0	1.0
403251856	0.8929	0.0037	0.1026	0.0007	0.1063	0.8937	0.0021	0.9979
826574650138243072	0.3137	0.0767	0.607	0.0026	0.0064	0.9936	0.0002	0.9998
823550539	0.2154	0.0463	0.1835	0.5547	0.0105	0.9895	0.0001	0.9999
16234992	0.5559	0.2626	0.1118	0.0698	0.0261	0.9739	0.0	1.0
21466069	0.0016	0.0002	0.0	0.9981	0.9971	0.0029	0.0	1.0
823550539	0.2154	0.0463	0.1835	0.5547	0.0105	0.9895	0.0001	0.9999
222145874	0.9359	0.0109	0.046	0.0072	0.0098	0.9902	0.0	1.0
2301078271	0.0756	0.126	0.7771	0.0214	0.9999	0.0001	0.1685	0.8315
63429201	0.6933	0.1235	0.1632	0.0199	0.0133	0.9867	0.0005	0.9995
2615171264	0.6861	0.0046	0.3048	0.0045	0.2703	0.7297	0.0	1.0
868101092676050944	0.059	0.8952	0.004	0.0419	0.9995	0.0005	0.0	1.0
1069123361387667456	0.4925	0.1808	0.2522	0.0745	0.3146	0.6854	0.9358	0.0642
777281389	0.1801	0.3121	0.1318	0.376	0.801	0.199	0.0407	0.9593
62678384	0.3771	0.0347	0.5793	0.0089	0.6645	0.3355	0.0252	0.9748
953229383044493313	0.2684	0.2049	0.0364	0.4903	0.0014	0.9986	0.0	1.0
6755322	0.0294	0.9592	0.0022	0.0092	0.0292	0.9708	0.1029	0.8971
2809828374	0.654	0.3099	0.0222	0.0138	0.0016	0.9984	0.0	1.0
1152050220	0.6764	0.2738	0.035	0.0148	0.9912	0.0088	0.0001	0.9999
18650140	0.7494	0.0022	0.2478	0.0006	0.1051	0.8949	0.0	1.0
1652439061	0.3546	0.5883	0.0399	0.0172	0.0128	0.9872	0.0004	0.9996
128167664	0.7797	0.0553	0.163	0.0019	0.9977	0.0023	0.0	1.0
252426781	0.0894	0.1037	0.0141	0.7928	0.0042	0.9958	0.0001	0.9999
17087391	0.2244	0.7637	0.0034	0.0085	0.9965	0.0035	0.0002	0.9998
3012028590	0.0615	0.0089	0.0485	0.881	0.0229	0.9771	0.0108	0.9892
986923853841547264	0.2085	0.091	0.658	0.0425	0.6923	0.3077	0.0002	0.9998
724171135131099136	0.0129	0.0712	0.0009	0.915	0.0005	0.9995	0.0017	0.9984
21828233	0.2976	0.0044	0.6948	0.0032	0.0296	0.9704	0.0	1.0
39101014	0.1845	0.7926	0.0196	0.0034	0.996	0.004	0.0	1.0
39101014	0.1845	0.7926	0.0196	0.0034	0.996	0.004	0.0	1.0
1211310836670582785	0.2143	0.0057	0.2932	0.4868	0.0056	0.9944	0.0	1.0
130965104	0.1117	0.5428	0.0792	0.2663	0.0037	0.9963	0.0021	0.9979
30644318	0.4654	0.2749	0.1978	0.0619	0.8557	0.1443	0.0002	0.9998
373581301	0.5533	0.0312	0.4057	0.0098	0.9855	0.0145	0.0	1.0
823550539	0.2154	0.0463	0.1835	0.5547	0.0105	0.9895	0.0001	0.9999
985388275	0.5907	0.0428	0.3546	0.0119	0.0022	0.9978	0.0	1.0
787183916654403584	0.0201	0.9507	0.0002	0.029	0.0025	0.9975	0.0001	0.9999
1034608978976620545	0.4941	0.0218	0.4072	0.0769	0.0919	0.9081	0.0001	0.9999
144404210	0.0018	0.0173	0.0007	0.9801	0.0002	0.9998	0.0002	0.9998
4127072894	0.9095	0.0034	0.068	0.0192	0.9988	0.0012	0.0	1.0
750560105108738048	0.0094	0.0007	0.0037	0.9863	0.0049	0.9951	0.0006	0.9994
507253975	0.1806	0.762	0.0174	0.0399	0.0015	0.9985	0.003	0.997
754651191657705472	0.5238	0.0028	0.4721	0.0013	0.9954	0.0046	0.0	1.0
733884203956211712	0.5252	0.0002	0.4673	0.0073	0.9948	0.0052	0.0	1.0
996620065482067968	0.0091	0.026	0.033	0.9319	0.9869	0.0131	0.0007	0.9993
709537204582879232	0.6206	0.1019	0.207	0.0704	0.1132	0.8868	0.0004	0.9996
366943105	0.3502	0.4615	0.0499	0.1384	0.001	0.999	0.0001	0.9999
1177339690615074816	0.0005	0.9343	0.0001	0.0652	0.9988	0.0012	0.0016	0.9984
1092390280865566721	0.8852	0.027	0.087	0.0008	0.9734	0.0266	0.0001	0.9999
23554087	0.0612	0.8928	0.0081	0.0379	0.0024	0.9976	0.0	1.0
1080755508653346817	0.5207	0.3113	0.056	0.1121	0.9986	0.0014	0.0001	0.9999
21077990	0.0238	0.0385	0.0058	0.9319	0.0	1.0	0.0	1.0
18615925	0.0208	0.9776	0.0002	0.0014	0.9991	0.0009	0.0001	0.9999
366943105	0.3502	0.4615	0.0499	0.1384	0.001	0.999	0.0001	0.9999
1431555540	0.3611	0.4659	0.1026	0.0703	0.9897	0.0103	0.0001	0.9999
775117994	0.6086	0.0611	0.2544	0.076	0.9884	0.0116	0.0	1.0
58728816	0.4209	0.0105	0.5526	0.0161	0.7774	0.2226	0.0002	0.9998
845034048	0.3457	0.0872	0.183	0.3841	0.0537	0.9463	0.0003	0.9997
783491763218423809	0.5999	0.0322	0.3604	0.0075	0.5502	0.4498	0.0001	0.9999
1431555540	0.3611	0.4659	0.1026	0.0703	0.9897	0.0103	0.0001	0.9999
391748902	0.0885	0.0229	0.0185	0.8702	0.9772	0.0228	0.0005	0.9995
1200265776	0.0963	0.0064	0.8921	0.0053	0.0203	0.9797	0.0002	0.9998
186738891	0.6439	0.0525	0.2732	0.0304	0.0048	0.9952	0.0002	0.9998
1100675395446161408	0.0383	0.0005	0.9609	0.0003	0.9441	0.0559	0.0105	0.9895
3101414352	0.2565	0.0012	0.7396	0.0028	0.9547	0.0453	0.0	1.0
83112941	0.026	0.0089	0.0111	0.954	0.0113	0.9887	0.9306	0.0694
23554087	0.0612	0.8928	0.0081	0.0379	0.0024	0.9976	0.0	1.0
275161330	0.0	0.0	0.0	0.9999	0.9997	0.0003	0.0003	0.9997
823550539	0.2154	0.0463	0.1835	0.5547	0.0105	0.9895	0.0001	0.9999
128167664	0.7797	0.0553	0.163	0.0019	0.9977	0.0023	0.0	1.0
215562059	0.8797	0.0423	0.068	0.0099	0.0088	0.9912	0.0001	0.9999
727276934787268608	0.0001	0.0002	0.0	0.9997	0.0003	0.9997	0.0	1.0
1173562880215568385	0.3575	0.0393	0.5571	0.0461	0.0093	0.9907	0.0	1.0
2183674998	0.0034	0.0045	0.0005	0.9917	0.0005	0.9995	0.0002	0.9998
437266662	0.0777	0.1077	0.1183	0.6963	0.0024	0.9976	0.0001	0.9999
795208615	0.6902	0.0197	0.255	0.0351	0.8965	0.1035	0.0005	0.9995
963289553682317313	0.389	0.0867	0.4774	0.0468	0.9391	0.0609	0.0005	0.9995
846862787259248640	0.6373	0.094	0.2062	0.0625	0.9785	0.0215	0.0005	0.9995
345376584	0.7209	0.0557	0.1774	0.046	0.9918	0.0082	0.0	1.0
600889822	0.4728	0.4121	0.0174	0.0978	0.0007	0.9993	0.0001	0.9999
1124586912	0.0167	0.8771	0.0007	0.1055	0.9986	0.0014	0.0	1.0
850264190	0.5955	0.2698	0.1009	0.0338	0.9891	0.0109	0.0003	0.9997
394022301	0.0383	0.8654	0.0066	0.0897	0.9929	0.0071	0.0001	0.9999
90770100	0.1275	0.02	0.0195	0.8329	0.005	0.995	0.0001	0.9999
90770100	0.1275	0.02	0.0195	0.8329	0.005	0.995	0.0001	0.9999
742038494856388608	0.2537	0.0022	0.7439	0.0002	0.7697	0.2303	0.0	1.0
140822144	0.0115	0.9689	0.0026	0.0171	0.0192	0.9808	0.0004	0.9996
30342972	0.095	0.2534	0.0354	0.6162	0.3004	0.6996	0.0011	0.9989
137633666	0.1606	0.8135	0.0094	0.0165	0.0374	0.9626	0.0	1.0
134276631	0.4582	0.1856	0.022	0.3342	0.0004	0.9996	0.0022	0.9978
379718871	0.0141	0.9761	0.0006	0.0092	0.9975	0.0025	0.0003	0.9997
366943105	0.3502	0.4615	0.0499	0.1384	0.001	0.999	0.0001	0.9999
531192722	0.5984	0.3087	0.0099	0.083	0.9944	0.0056	0.0	1.0
755173670	0.0001	0.0002	0.0	0.9997	0.0259	0.9741	0.765	0.235
907645652	0.0146	0.7364	0.0038	0.2452	0.9863	0.0137	0.0011	0.9989
64966094	0.0116	0.0073	0.0007	0.9805	0.0002	0.9998	0.0001	0.9999
56515506	0.4627	0.4858	0.0316	0.0198	0.0054	0.9946	0.0	1.0
837251951083454464	0.8308	0.0908	0.0714	0.0071	0.9225	0.0775	0.0	1.0
763178928009654272	0.0022	0.9977	0.0	0.0001	0.9979	0.0021	0.0	1.0
707774180612112385	0.0449	0.0321	0.0049	0.9181	0.9976	0.0024	0.003	0.997
1056421337353281536	0.9189	0.0481	0.0176	0.0154	0.0034	0.9966	0.0	1.0
2177107836	0.0182	0.0292	0.0048	0.9477	0.9999	0.0001	0.0	1.0
21828233	0.2976	0.0044	0.6948	0.0032	0.0296	0.9704	0.0	1.0
22350580	0.005	0.9936	0.0	0.0014	0.9998	0.0002	0.0	1.0
215562059	0.8797	0.0423	0.068	0.0099	0.0088	0.9912	0.0001	0.9999
121290977	0.1891	0.7447	0.0496	0.0166	0.0022	0.9978	0.0003	0.9997
26395645	0.3496	0.0335	0.616	0.0009	0.995	0.005	0.0	1.0
525174176	0.7185	0.0134	0.1553	0.1128	0.0107	0.9893	0.0	1.0
282568075	0.9664	0.0144	0.0093	0.0099	0.0355	0.9645	0.0003	0.9997
24166347	0.6266	0.2333	0.0688	0.0714	0.0002	0.9998	0.0009	0.9991
222457964	0.6475	0.0003	0.351	0.0012	0.8256	0.1744	0.0	1.0
2199299744	0.0986	0.019	0.8818	0.0005	0.7682	0.2318	0.0001	0.9999
819548390362988544	0.2421	0.0037	0.751	0.0032	0.7665	0.2335	0.0002	0.9998
2354597778	0.0002	0.0004	0.0	0.9994	0.0002	0.9998	0.0003	0.9997
2199299744	0.0986	0.019	0.8818	0.0005	0.7682	0.2318	0.0001	0.9999
2199299744	0.0986	0.019	0.8818	0.0005	0.7682	0.2318	0.0001	0.9999
55514310	0.1662	0.152	0.0264	0.6555	0.9897	0.0103	0.0005	0.9995
884695684967940098	0.3077	0.3263	0.2783	0.0877	0.023	0.977	0.0001	0.9999
29344620	0.6196	0.1395	0.2146	0.0263	0.9836	0.0164	0.0008	0.9992
104745255	0.0018	0.0018	0.0006	0.9958	0.9882	0.0118	0.0003	0.9997
568771065	0.0338	0.6197	0.0021	0.3443	0.0055	0.9945	0.0001	0.9999
875345778092277760	0.2041	0.3845	0.4068	0.0046	0.3039	0.6961	0.0009	0.9991
555090621	0.0067	0.7887	0.0005	0.2041	0.0001	0.9999	0.0007	0.9993
1073040853	0.1342	0.8315	0.0077	0.0266	0.0897	0.9103	0.0001	0.9999
3323547919	0.2486	0.0012	0.7491	0.0011	0.8831	0.1169	0.0002	0.9998
2573520650	0.4287	0.0182	0.4785	0.0747	0.0044	0.9956	0.0003	0.9997
906341855637381120	0.6883	0.0936	0.2125	0.0056	0.7452	0.2548	0.0116	0.9884
27138454	0.0016	0.0222	0.0013	0.975	0.1285	0.8715	0.0178	0.9822
631368205	0.192	0.4772	0.0053	0.3255	0.0001	0.9999	0.005	0.995
1005935554901377024	0.0001	0.0001	0.0	0.9998	0.9994	0.0006	0.0001	0.9999
48881982	0.0142	0.0113	0.0115	0.963	0.997	0.003	0.0001	0.9999
1067776947986423808	0.8412	0.0018	0.1567	0.0003	0.9988	0.0012	0.0	1.0
620164570	0.8251	0.0679	0.0263	0.0807	0.1668	0.8332	0.0	1.0
393769749	0.0034	0.5449	0.0003	0.4514	0.0014	0.9986	0.0001	0.9999
1097685965219409920	0.4704	0.0033	0.5146	0.0117	0.7077	0.2923	0.0	1.0
376551482	0.4342	0.0072	0.5534	0.0052	0.9699	0.0301	0.0003	0.9997
781995355277627392	0.117	0.2837	0.0183	0.581	0.0004	0.9996	0.0003	0.9997
2295666326	0.9425	0.0087	0.0452	0.0036	0.037	0.963	0.0	1.0
2295666326	0.9425	0.0087	0.0452	0.0036	0.037	0.963	0.0	1.0
19554076	0.0915	0.1002	0.0236	0.7847	0.0191	0.9809	0.0001	0.9999
561472684	0.5195	0.1199	0.0497	0.3109	0.0606	0.9394	0.0001	0.9999
7446652	0.1157	0.7471	0.0261	0.1112	0.8919	0.1081	0.0057	0.9943
7446652	0.1157	0.7471	0.0261	0.1112	0.8919	0.1081	0.0057	0.9943
366943105	0.3502	0.4615	0.0499	0.1384	0.001	0.999	0.0001	0.9999
2395134163	0.4817	0.0861	0.0787	0.3535	0.0077	0.9923	0.0	1.0
204220328	0.9673	0.006	0.0255	0.0012	0.996	0.004	0.0	1.0
2295666326	0.9425	0.0087	0.0452	0.0036	0.037	0.963	0.0	1.0
7446652	0.1157	0.7471	0.0261	0.1112	0.8919	0.1081	0.0057	0.9943
273189933	0.4263	0.4619	0.1108	0.001	0.9995	0.0005	0.0	1.0
900559103545573376	0.526	0.4722	0.0013	0.0005	0.9929	0.0071	0.0	1.0
345275528	0.2817	0.0497	0.6338	0.0348	0.0435	0.9565	0.0021	0.9979
899114676209950720	0.3407	0.35	0.1068	0.2025	0.0042	0.9958	0.0013	0.9987
27800134	0.2303	0.07	0.0326	0.6671	0.0027	0.9973	0.0	1.0
1850195498	0.0174	0.9624	0.0002	0.02	0.0005	0.9995	0.0	1.0
242834137	0.341	0.3656	0.1013	0.192	0.9932	0.0068	0.0024	0.9976
724599006555316224	0.159	0.829	0.0072	0.0048	0.0332	0.9668	0.0075	0.9925
4856228650	0.2108	0.5576	0.0808	0.1509	0.0013	0.9987	0.0	1.0
1064354764673056768	0.0008	0.0013	0.0005	0.9974	0.0017	0.9983	0.0032	0.9968
884780843419394048	0.0299	0.1797	0.0019	0.7884	0.0019	0.9981	0.0002	0.9998
22428786	0.5107	0.3482	0.1387	0.0024	0.0256	0.9744	0.0	1.0
11369812	0.6678	0.1787	0.0811	0.0724	0.9995	0.0005	0.0	1.0
787613352658808832	0.4909	0.491	0.0007	0.0173	0.9993	0.0007	0.0002	0.9998
22428786	0.5107	0.3482	0.1387	0.0024	0.0256	0.9744	0.0	1.0
7659152	0.0005	0.0084	0.0	0.991	0.0005	0.9995	0.0	1.0
1246155464133316608	0.1347	0.7282	0.1018	0.0353	0.9925	0.0075	0.0048	0.9952
213177669	0.1877	0.2038	0.6057	0.0027	0.0014	0.9986	0.0	1.0
198423447	0.4319	0.5021	0.0379	0.0281	0.9997	0.0003	0.0	1.0
1652439061	0.3546	0.5883	0.0399	0.0172	0.0128	0.9872	0.0004	0.9996
17583488	0.0947	0.7403	0.0029	0.1621	0.9969	0.0031	0.0	1.0
228664718	0.6359	0.0786	0.2416	0.0439	0.001	0.999	0.0454	0.9546
612441328	0.1519	0.0334	0.0926	0.7221	0.9943	0.0057	0.0	1.0
215562059	0.8797	0.0423	0.068	0.0099	0.0088	0.9912	0.0001	0.9999
738024256970186752	0.4411	0.3936	0.0769	0.0885	0.0059	0.9941	0.0001	0.9999
259655400	0.1689	0.6154	0.0465	0.1692	0.9909	0.0091	0.0001	0.9999
823550539	0.2154	0.0463	0.1835	0.5547	0.0105	0.9895	0.0001	0.9999
1081203756555952129	0.0265	0.0002	0.9732	0.0001	0.8757	0.1243	0.0	1.0
606203064	0.033	0.2979	0.0014	0.6678	0.0	1.0	0.0006	0.9994
859548153124577280	0.7369	0.1859	0.055	0.0221	0.0007	0.9993	0.0	1.0
14884128	0.5282	0.1863	0.1866	0.0988	0.0013	0.9987	0.5779	0.4221
22428786	0.5107	0.3482	0.1387	0.0024	0.0256	0.9744	0.0	1.0
22428786	0.5107	0.3482	0.1387	0.0024	0.0256	0.9744	0.0	1.0
298410389	0.0001	0.0001	0.0001	0.9997	0.3194	0.6806	0.0003	0.9997
1903049988	0.812	0.0015	0.1818	0.0048	0.8793	0.1207	0.0003	0.9997
404832272	0.1913	0.0906	0.0192	0.6989	0.0013	0.9987	0.0007	0.9993
1041626063577669632	0.2985	0.0032	0.6927	0.0056	0.9164	0.0836	0.0007	0.9993
4295622433	0.0009	0.0172	0.0005	0.9814	0.9987	0.0013	0.0084	0.9916
1231770345150930944	0.7311	0.1755	0.0816	0.0117	0.1485	0.8515	0.0	1.0
22499952	0.5519	0.0446	0.151	0.2524	0.0064	0.9936	0.0001	0.9999
252017144	0.4306	0.0574	0.4726	0.0393	0.0128	0.9872	0.0002	0.9998
465388238	0.0005	0.0004	0.0004	0.9987	0.0015	0.9985	0.0003	0.9997
1068457430965616641	0.254	0.0002	0.7455	0.0003	0.9967	0.0033	0.0	1.0
1545860762	0.0005	0.0002	0.0063	0.993	0.0108	0.9892	0.0034	0.9966
960423611356950529	0.9194	0.0304	0.0427	0.0075	0.9952	0.0048	0.0	1.0
25659140	0.0126	0.9824	0.004	0.001	0.9903	0.0097	0.0	1.0
19851932	0.6558	0.0747	0.2535	0.016	0.9884	0.0116	0.0	1.0
751767589232054276	0.0691	0.0005	0.9285	0.0019	0.2621	0.7379	0.0003	0.9997
89391137	0.0003	0.0027	0.0006	0.9964	0.0015	0.9985	0.0011	0.9989
2492135514	0.8839	0.0324	0.0728	0.0109	0.0019	0.9981	0.0	1.0
93624225	0.0042	0.9148	0.0005	0.0805	0.0006	0.9994	0.0	1.0
1115620952321085440	0.4473	0.0156	0.5221	0.0151	0.7023	0.2977	0.0033	0.9967
823550539	0.2154	0.0463	0.1835	0.5547	0.0105	0.9895	0.0001	0.9999
3252401011	0.0933	0.2129	0.0038	0.69	0.0004	0.9996	0.0002	0.9998
255408879	0.07	0.2035	0.0693	0.6572	0.0773	0.9227	0.8979	0.1021
451979107	0.4065	0.4482	0.0138	0.1315	0.001	0.999	0.0006	0.9994
712890439565611010	0.0605	0.8976	0.0114	0.0305	0.0009	0.9991	0.0001	0.9999
594211212	0.7513	0.0885	0.1505	0.0097	0.0024	0.9976	0.0	1.0
988686980	0.0408	0.9305	0.0064	0.0224	0.9941	0.0059	0.0	1.0
70374894	0.05	0.0602	0.0988	0.7911	0.0309	0.9691	0.0039	0.9961
143405275	0.4419	0.0058	0.5485	0.0037	0.8873	0.1127	0.0	1.0
17309910	0.1643	0.2351	0.0412	0.5594	0.0015	0.9985	0.0004	0.9996
58210128	0.0287	0.0474	0.005	0.9189	0.994	0.006	0.0001	0.9999
296265427	0.1	0.0207	0.8733	0.006	0.0063	0.9937	0.0019	0.9981
205643807	0.6602	0.0999	0.0479	0.1919	0.999	0.001	0.0003	0.9997
1082453771517476864	0.2696	0.5136	0.1891	0.0278	0.6613	0.3387	0.0024	0.9976
986923853841547264	0.2085	0.091	0.658	0.0425	0.6923	0.3077	0.0002	0.9998
134762094	0.8251	0.0684	0.0781	0.0284	0.9985	0.0015	0.0	1.0
2928071970	0.0024	0.0018	0.0006	0.9952	0.9976	0.0024	0.0	1.0
1231770345150930944	0.7311	0.1755	0.0816	0.0117	0.1485	0.8515	0.0	1.0
1060522279627452418	0.8105	0.0025	0.1864	0.0006	0.6422	0.3578	0.0	1.0
25943764	0.2408	0.5137	0.1231	0.1224	0.002	0.998	0.7369	0.2631
1231770345150930944	0.7311	0.1755	0.0816	0.0117	0.1485	0.8515	0.0	1.0
36657198	0.9618	0.0201	0.0173	0.0007	0.9966	0.0034	0.0	1.0
94585236	0.4623	0.4203	0.0669	0.0505	0.9727	0.0273	0.0001	0.9999
3147946819	0.0	0.0	0.0	0.9999	0.0001	0.9999	0.0002	0.9998
4858814298	0.0919	0.8041	0.0159	0.088	0.9973	0.0027	0.0001	0.9999
3079637138	0.8054	0.0233	0.1623	0.0089	0.3049	0.6951	0.0004	0.9996
25798403	0.4024	0.5446	0.0251	0.0279	0.0089	0.9911	0.0	1.0
60498116	0.0205	0.9765	0.0007	0.0022	0.9951	0.0049	0.0	1.0
629264424	0.2757	0.5349	0.034	0.1554	0.9975	0.0025	0.0	1.0
3187262558	0.4997	0.0459	0.4131	0.0413	0.0198	0.9802	0.0022	0.9978
17981271	0.5002	0.1769	0.0216	0.3013	0.0047	0.9953	0.0001	0.9999
560337849	0.8879	0.0165	0.0893	0.0063	0.9862	0.0138	0.0	1.0
203741722	0.908	0.0534	0.0366	0.002	0.967	0.033	0.0	1.0
284338396	0.2683	0.2215	0.4753	0.035	0.4304	0.5696	0.0102	0.9898
4168156339	0.3017	0.0479	0.6449	0.0056	0.9217	0.0783	0.0001	0.9999
4168156339	0.3017	0.0479	0.6449	0.0056	0.9217	0.0783	0.0001	0.9999
329637574	0.7249	0.1942	0.078	0.0029	0.0006	0.9994	0.0	1.0
2452669952	0.199	0.0006	0.7999	0.0005	0.9767	0.0233	0.0	1.0
396888902	0.7635	0.0392	0.1751	0.0221	0.9894	0.0106	0.0	1.0
2452669952	0.199	0.0006	0.7999	0.0005	0.9767	0.0233	0.0	1.0
51704231	0.1298	0.0417	0.7643	0.0642	0.0339	0.9661	0.0004	0.9996
401023951	0.3487	0.2132	0.253	0.1852	0.0001	0.9999	0.0	1.0
2853932587	0.9447	0.0293	0.023	0.003	0.0063	0.9937	0.0001	0.9999
198423447	0.4319	0.5021	0.0379	0.0281	0.9997	0.0003	0.0	1.0
316927760	0.6456	0.0297	0.3199	0.0048	0.9157	0.0843	0.0	1.0
324736705	0.0226	0.967	0.0013	0.0091	0.0001	0.9999	0.0	1.0
2900359748	0.067	0.0004	0.9323	0.0002	0.9857	0.0143	0.0	1.0
148713858	0.7198	0.2195	0.0563	0.0045	0.9935	0.0065	0.0	1.0
1067100595	0.0045	0.0055	0.0031	0.9869	0.3442	0.6558	0.0035	0.9965
33779659	0.2687	0.3179	0.0226	0.3908	0.9948	0.0052	0.004	0.996
1877646769	0.0312	0.0726	0.0044	0.8918	0.0001	0.9999	0.0	1.0
3027088163	0.0803	0.9024	0.007	0.0103	0.9922	0.0078	0.0002	0.9998
954862501656649728	0.0002	0.0006	0.0001	0.9992	0.9995	0.0005	0.0001	0.9999
413763865	0.6573	0.0693	0.2488	0.0245	0.5142	0.4858	0.0	1.0
49808343	0.0027	0.9791	0.0001	0.018	0.0002	0.9998	0.0	1.0
828189298545483777	0.2805	0.006	0.7008	0.0127	0.0112	0.9888	0.0003	0.9997
1173562880215568385	0.3575	0.0393	0.5571	0.0461	0.0093	0.9907	0.0	1.0
102512943	0.0098	0.9151	0.0004	0.0746	0.0002	0.9998	0.0001	0.9999
166066015	0.2515	0.5773	0.0633	0.108	0.0075	0.9925	0.0	1.0
1251693247	0.6864	0.0397	0.0953	0.1786	0.0017	0.9983	0.0	1.0
22546220	0.1154	0.1109	0.0211	0.7526	0.0121	0.9879	0.0001	0.9999
1044833449129971712	0.1907	0.0017	0.8064	0.0013	0.8616	0.1384	0.0	1.0
432311523	0.2822	0.1505	0.5501	0.0171	0.7998	0.2002	0.0001	0.9999
899114676209950720	0.3407	0.35	0.1068	0.2025	0.0042	0.9958	0.0013	0.9987
600760256	0.4963	0.0252	0.1836	0.2948	0.0008	0.9992	0.0	1.0
26182006	0.0157	0.949	0.0005	0.0349	0.0933	0.9067	0.0001	0.9999
26182006	0.0157	0.949	0.0005	0.0349	0.0933	0.9067	0.0001	0.9999
1139821412804227072	0.4245	0.0242	0.4991	0.0523	0.8676	0.1324	0.0002	0.9998
899114676209950720	0.3407	0.35	0.1068	0.2025	0.0042	0.9958	0.0013	0.9987
345275528	0.2817	0.0497	0.6338	0.0348	0.0435	0.9565	0.0021	0.9979
216942210	0.1443	0.5006	0.1434	0.2117	0.9995	0.0005	0.0	1.0
2309398795	0.0048	0.993	0.0021	0.0001	0.9991	0.0009	0.0	1.0
267990329	0.8427	0.0344	0.1202	0.0027	0.2067	0.7933	0.0	1.0
908674270141702145	0.4222	0.0232	0.543	0.0117	0.943	0.057	0.0	1.0
97634079	0.0013	0.9982	0.0002	0.0003	0.983	0.017	0.0001	0.9999
1195495050911703040	0.0144	0.5344	0.0014	0.4499	0.0005	0.9995	0.0002	0.9998
2954306360	0.0524	0.9185	0.0079	0.0212	0.1153	0.8847	0.0	1.0
157006036	0.953	0.0065	0.0401	0.0004	0.0002	0.9998	0.0	1.0
756083590216114180	0.2475	0.5703	0.1434	0.0388	0.328	0.672	0.0026	0.9974
1139804118828982275	0.0519	0.0002	0.9477	0.0002	0.312	0.688	0.0	1.0
1142265060	0.9421	0.0167	0.0339	0.0073	0.0128	0.9872	0.0	1.0
822581170353426432	0.0162	0.983	0.0001	0.0007	0.99	0.01	0.0	1.0
1081830088906235905	0.3764	0.014	0.4722	0.1375	0.0448	0.9552	0.0	1.0
387050716	0.2693	0.5777	0.0423	0.1107	0.0003	0.9997	0.0	1.0
1083264103659929600	0.2074	0.7526	0.0225	0.0175	0.3174	0.6826	0.018	0.982
1109571219978768384	0.873	0.0043	0.1218	0.0009	0.057	0.943	0.0	1.0
864151160	0.0013	0.9884	0.0001	0.0102	0.9572	0.0428	0.0	1.0
1120636669256818689	0.4149	0.0248	0.5425	0.0178	0.9644	0.0356	0.0001	0.9999
86235680	0.507	0.0133	0.4484	0.0313	0.9933	0.0067	0.0	1.0
3622601179	0.0003	0.0001	0.0001	0.9995	0.6635	0.3365	0.5734	0.4266
1208679714082021377	0.3348	0.0121	0.6507	0.0024	0.9902	0.0098	0.0	1.0
292878093	0.637	0.2458	0.1119	0.0053	0.7972	0.2028	0.0	1.0
261715842	0.1657	0.3418	0.0677	0.4248	0.1182	0.8818	0.0761	0.9239
1875497383	0.6216	0.0395	0.3105	0.0284	0.9977	0.0023	0.0	1.0
2199299744	0.0986	0.019	0.8818	0.0005	0.7682	0.2318	0.0001	0.9999
997073821	0.3653	0.5994	0.0072	0.0281	0.0	1.0	0.0001	0.9999
160519739	0.8848	0.1083	0.0019	0.005	0.9975	0.0025	0.0001	0.9999
3243111470	0.9417	0.0403	0.0168	0.0012	0.9995	0.0005	0.0132	0.9868
23202187	0.446	0.4731	0.0276	0.0533	0.9966	0.0034	0.0	1.0
877734336	0.9439	0.0039	0.0478	0.0044	0.9977	0.0023	0.0	1.0
1188589891	0.0105	0.029	0.0136	0.9469	0.001	0.999	0.0004	0.9996
1862100301	0.0466	0.7436	0.0523	0.1575	0.0163	0.9837	0.0059	0.9941
462067110	0.3123	0.0952	0.5811	0.0115	0.0123	0.9877	0.0285	0.9715
1225995668495273985	0.1727	0.2408	0.1313	0.4552	0.2987	0.7013	0.1267	0.8733
310781354	0.0056	0.0107	0.0016	0.982	0.0028	0.9972	0.0002	0.9998
530839582	0.4729	0.0096	0.4977	0.0198	0.0085	0.9915	0.0001	0.9999
26395645	0.3496	0.0335	0.616	0.0009	0.995	0.005	0.0	1.0
907048650580271104	0.0472	0.1485	0.101	0.7033	0.0047	0.9953	0.0699	0.9301
921951708955025408	0.088	0.0361	0.0325	0.8434	0.0004	0.9996	0.0	1.0
403237084	0.3907	0.0181	0.5816	0.0095	0.929	0.071	0.0	1.0
51263807	0.4935	0.0476	0.2999	0.1591	0.0119	0.9881	0.0	1.0
14152000	0.0718	0.1204	0.1626	0.6451	0.062	0.938	0.945	0.055
1075424857	0.3045	0.6019	0.0472	0.0464	0.003	0.997	0.5868	0.4132
1139821412804227072	0.4245	0.0242	0.4991	0.0523	0.8676	0.1324	0.0002	0.9998
1057799497	0.0348	0.9173	0.0277	0.0201	0.0541	0.9459	0.1648	0.8352
3892523359	0.1815	0.1533	0.0508	0.6143	0.0087	0.9913	0.0001	0.9999
734703554	0.0317	0.9626	0.0003	0.0053	0.9995	0.0005	0.0	1.0
601742534	0.6709	0.1149	0.1987	0.0155	0.0316	0.9684	0.0001	0.9999
1259015875937464325	0.0154	0.06	0.0091	0.9155	0.0005	0.9995	0.0002	0.9998
2231897220	0.3358	0.3787	0.1516	0.1338	0.0023	0.9977	0.0	1.0
750194110405849088	0.1739	0.7868	0.0183	0.021	0.0009	0.9991	0.0	1.0
1010845245917892610	0.2745	0.0283	0.6922	0.005	0.0285	0.9715	0.0017	0.9983
1029143081205940224	0.7682	0.0212	0.2077	0.0029	0.8554	0.1446	0.0	1.0
21062457	0.0887	0.3833	0.0018	0.5263	0.9985	0.0015	0.0005	0.9995
21062457	0.0887	0.3833	0.0018	0.5263	0.9985	0.0015	0.0005	0.9995
1195495050911703040	0.0144	0.5344	0.0014	0.4499	0.0005	0.9995	0.0002	0.9998
14579124	0.2873	0.7072	0.0006	0.0049	0.0002	0.9998	0.0001	0.9999
840917576	0.913	0.0759	0.0042	0.007	0.007	0.993	0.0	1.0
384292434	0.0008	0.9986	0.0	0.0005	0.0004	0.9996	0.0	1.0
179061870	0.3724	0.1295	0.3806	0.1175	0.4859	0.5141	0.0008	0.9992
179061870	0.3724	0.1295	0.3806	0.1175	0.4859	0.5141	0.0008	0.9992
184016348	0.7478	0.0623	0.1832	0.0067	0.9155	0.0845	0.0001	0.9999
1596987152	0.88	0.0217	0.0838	0.0144	0.0597	0.9403	0.0001	0.9999
756640129150705664	0.0329	0.924	0.0122	0.031	0.0001	0.9999	0.0	1.0
312967248	0.2211	0.7402	0.0233	0.0154	0.0007	0.9993	0.0	1.0
22111680	0.4405	0.01	0.547	0.0025	0.932	0.068	0.0003	0.9997
16924832	0.0	0.0	0.0	0.9999	0.9934	0.0066	0.0015	0.9985
16987190	0.0039	0.0496	0.0011	0.9454	0.0001	0.9999	0.0003	0.9997
1333443103	0.0007	0.0017	0.0003	0.9973	0.0018	0.9982	0.0	1.0
735243752340606976	0.1516	0.3534	0.0397	0.4552	0.9965	0.0035	0.0001	0.9999
710771761554411520	0.0298	0.9335	0.0023	0.0344	0.005	0.995	0.0001	0.9999
3267835105	0.0837	0.0124	0.0195	0.8844	0.946	0.054	0.1789	0.8211
3270298826	0.4733	0.0097	0.5109	0.006	0.9797	0.0203	0.0001	0.9999
745091618638704640	0.0003	0.0004	0.0001	0.9993	0.9795	0.0205	0.0003	0.9997
534247470	0.7052	0.0795	0.0669	0.1485	0.996	0.004	0.0003	0.9997
4421591	0.761	0.1074	0.0836	0.048	0.9975	0.0025	0.0002	0.9998
986923853841547264	0.2085	0.091	0.658	0.0425	0.6923	0.3077	0.0002	0.9998
326793122	0.2945	0.0664	0.5555	0.0836	0.9922	0.0078	0.0006	0.9994
828189298545483777	0.2805	0.006	0.7008	0.0127	0.0112	0.9888	0.0003	0.9997
1229384466079989760	0.5051	0.4631	0.0183	0.0136	0.0012	0.9988	0.0002	0.9998
373306465	0.3197	0.4436	0.0369	0.1998	0.1061	0.8939	0.0222	0.9778
525203032	0.3767	0.0352	0.053	0.5351	0.0129	0.9871	0.0	1.0
736717692153909249	0.0179	0.969	0.0004	0.0127	0.0002	0.9998	0.0	1.0
2900062862	0.0015	0.0005	0.0002	0.9978	0.8226	0.1774	0.0006	0.9994
301714991	0.8176	0.0644	0.0944	0.0235	0.0053	0.9947	0.0001	0.9999
216942210	0.1443	0.5006	0.1434	0.2117	0.9995	0.0005	0.0	1.0
1654861243	0.0539	0.247	0.011	0.6881	0.0067	0.9933	0.008	0.992
397890128	0.1958	0.7731	0.0146	0.0166	0.9864	0.0136	0.0061	0.9939
867204490918674432	0.0006	0.0026	0.0001	0.9968	0.0003	0.9997	0.0005	0.9995
1063374877552340992	0.0009	0.006	0.0003	0.9927	0.0005	0.9995	0.0001	0.9999
1652439061	0.3546	0.5883	0.0399	0.0172	0.0128	0.9872	0.0004	0.9996
715797023262375936	0.269	0.0037	0.6974	0.0299	0.676	0.324	0.0067	0.9933
1030289056247177216	0.0153	0.027	0.0169	0.9407	0.0038	0.9962	0.0018	0.9982
823550539	0.2154	0.0463	0.1835	0.5547	0.0105	0.9895	0.0001	0.9999
30961259	0.0005	0.0009	0.0006	0.998	0.0002	0.9998	0.0002	0.9998
2686251643	0.9926	0.0018	0.0055	0.0001	0.9838	0.0162	0.0	1.0
3225707852	0.6089	0.2673	0.1173	0.0065	0.0011	0.9989	0.0003	0.9997
1170107476500340736	0.6981	0.0276	0.2549	0.0194	0.9891	0.0109	0.0	1.0
2983619604	0.7108	0.0563	0.2011	0.0318	0.0023	0.9977	0.0001	0.9999
310089038	0.3781	0.0155	0.426	0.1804	0.0245	0.9755	0.0001	0.9999
177892188	0.0172	0.9715	0.0008	0.0105	0.0017	0.9983	0.0001	0.9999
96003367	0.0011	0.9965	0.0002	0.0023	0.9974	0.0026	0.0002	0.9998
149001382	0.5873	0.0738	0.3143	0.0246	0.9917	0.0083	0.0	1.0
398446550	0.6779	0.0006	0.3202	0.0013	0.8289	0.1711	0.0	1.0
512506918	0.2492	0.1023	0.148	0.5006	0.9511	0.0489	0.0001	0.9999
93624225	0.0042	0.9148	0.0005	0.0805	0.0006	0.9994	0.0	1.0
826332877457481728	0.0934	0.1305	0.6365	0.1395	0.9976	0.0024	0.0005	0.9995
203707739	0.6662	0.0433	0.2818	0.0087	0.1163	0.8837	0.0452	0.9548
28455800	0.4896	0.0883	0.3358	0.0863	0.4732	0.5268	0.0	1.0
125966823	0.0623	0.8136	0.0012	0.1229	0.9983	0.0017	0.0002	0.9998
1243522007280435200	0.0693	0.0078	0.9217	0.0012	0.9924	0.0076	0.0001	0.9999
345275528	0.2817	0.0497	0.6338	0.0348	0.0435	0.9565	0.0021	0.9979
400919705	0.2401	0.3115	0.1278	0.3206	0.0182	0.9818	0.5288	0.4712
431125153	0.794	0.1841	0.0193	0.0026	0.9996	0.0004	0.0	1.0
580676229	0.3473	0.413	0.1434	0.0962	0.0004	0.9996	0.0	1.0
1241973077883273216	0.2471	0.0106	0.6924	0.0499	0.9751	0.0249	0.0	1.0
1195495050911703040	0.0144	0.5344	0.0014	0.4499	0.0005	0.9995	0.0002	0.9998
2820223897	0.0045	0.9929	0.0006	0.002	0.9937	0.0063	0.0002	0.9998
323777371	0.6209	0.0611	0.3038	0.0142	0.9745	0.0255	0.0045	0.9955
1250663339438387200	0.1798	0.0009	0.8187	0.0005	0.9475	0.0525	0.0001	0.9999
275436817	0.0461	0.9187	0.0285	0.0067	0.9945	0.0055	0.0001	0.9999
10178852	0.4766	0.2084	0.2738	0.0413	0.0226	0.9774	0.0013	0.9987
2597349793	0.0303	0.9132	0.0013	0.0551	0.9541	0.0459	0.0001	0.9999
823022931068391425	0.4312	0.1201	0.4353	0.0134	0.9868	0.0132	0.1452	0.8548
398446550	0.6779	0.0006	0.3202	0.0013	0.8289	0.1711	0.0	1.0
196117757	0.085	0.607	0.0112	0.2968	0.0009	0.9991	0.0005	0.9995
46232643	0.4474	0.3536	0.132	0.067	0.9916	0.0084	0.0	1.0
312967248	0.2211	0.7402	0.0233	0.0154	0.0007	0.9993	0.0	1.0
30205761	0.5218	0.1023	0.0119	0.3641	0.0004	0.9996	0.0	1.0
149320887	0.1117	0.4008	0.0147	0.4728	0.0006	0.9994	0.0001	0.9999
2437156333	0.6518	0.0403	0.2745	0.0334	0.075	0.925	0.0005	0.9995
2437156333	0.6518	0.0403	0.2745	0.0334	0.075	0.925	0.0005	0.9995
2437156333	0.6518	0.0403	0.2745	0.0334	0.075	0.925	0.0005	0.9995
2437156333	0.6518	0.0403	0.2745	0.0334	0.075	0.925	0.0005	0.9995
2437156333	0.6518	0.0403	0.2745	0.0334	0.075	0.925	0.0005	0.9995
2437156333	0.6518	0.0403	0.2745	0.0334	0.075	0.925	0.0005	0.9995
293886497	0.0279	0.7608	0.1427	0.0686	0.0033	0.9967	0.0	1.0
908918362671013894	0.8226	0.0085	0.1506	0.0183	0.9438	0.0562	0.0	1.0
371068152	0.4933	0.2956	0.0226	0.1885	0.0002	0.9998	0.0001	0.9999
191761621	0.1081	0.752	0.0153	0.1246	0.0003	0.9997	0.0009	0.9991
600760256	0.4963	0.0252	0.1836	0.2948	0.0008	0.9992	0.0	1.0
600760256	0.4963	0.0252	0.1836	0.2948	0.0008	0.9992	0.0	1.0
28455800	0.4896	0.0883	0.3358	0.0863	0.4732	0.5268	0.0	1.0
1127973452827119616	0.4702	0.004	0.5175	0.0083	0.1117	0.8883	0.0003	0.9997
1233541630835253249	0.9997	0.0002	0.0001	0.0	0.9985	0.0015	0.0	1.0
331492392	0.3343	0.5735	0.0699	0.0223	0.9923	0.0077	0.0	1.0
44745519	0.0005	0.9992	0.0	0.0003	0.9985	0.0015	0.0002	0.9998
484653639	0.6391	0.1069	0.1821	0.0719	0.9968	0.0032	0.0	1.0
171477290	0.697	0.0057	0.2947	0.0025	0.9974	0.0026	0.0	1.0
3165710186	0.6954	0.192	0.0884	0.0243	0.9935	0.0065	0.0	1.0
166031697	0.1736	0.5751	0.0043	0.247	0.9999	0.0001	0.0001	0.9999
29283402	0.1056	0.7895	0.0168	0.0881	0.0019	0.9981	0.0	1.0
14898307	0.0337	0.0608	0.0108	0.8946	0.004	0.996	0.0001	0.9999
1341343152	0.3585	0.1171	0.4309	0.0935	0.0073	0.9927	0.0008	0.9992
58728816	0.4209	0.0105	0.5526	0.0161	0.7774	0.2226	0.0002	0.9998
1144225919281745920	0.3601	0.0612	0.5709	0.0078	0.983	0.017	0.0	1.0
93624225	0.0042	0.9148	0.0005	0.0805	0.0006	0.9994	0.0	1.0
1635500544	0.8233	0.1266	0.0129	0.0372	0.9967	0.0033	0.0	1.0
66986880	0.0163	0.3069	0.0046	0.6722	0.0007	0.9993	0.0001	0.9999
27594282	0.0225	0.9138	0.0019	0.0618	0.0005	0.9995	0.0	1.0
24111560	0.4487	0.0368	0.5024	0.0121	0.9977	0.0023	0.0	1.0
86115300	0.0258	0.0116	0.0064	0.9562	0.9992	0.0008	0.0271	0.9729
2667351132	0.1111	0.8046	0.0318	0.0525	0.0039	0.9961	0.0003	0.9997
349484164	0.0771	0.8823	0.0079	0.0327	0.0005	0.9995	0.0055	0.9945
22609885	0.0029	0.0049	0.0011	0.9911	0.9993	0.0007	0.0	1.0
26244407	0.3777	0.3405	0.0923	0.1894	0.5407	0.4593	0.0016	0.9984
86216180	0.6355	0.0683	0.0503	0.2459	0.0229	0.9771	0.0021	0.9979
441093075	0.6492	0.0309	0.1571	0.1628	0.0019	0.9981	0.0	1.0
751767589232054276	0.0691	0.0005	0.9285	0.0019	0.2621	0.7379	0.0003	0.9997
106997010	0.3403	0.0079	0.6378	0.014	0.0108	0.9892	0.0	1.0
929855554305929217	0.3209	0.0747	0.5869	0.0175	0.1214	0.8786	0.0	1.0
365738865	0.376	0.0164	0.4053	0.2023	0.9873	0.0127	0.945	0.055
365738865	0.376	0.0164	0.4053	0.2023	0.9873	0.0127	0.945	0.055
1218266382	0.7219	0.0341	0.1781	0.0659	0.7522	0.2478	0.0001	0.9999
144573947	0.632	0.018	0.0011	0.3489	0.0037	0.9963	0.0001	0.9999
34211470	0.4846	0.0422	0.2442	0.229	0.0003	0.9997	0.001	0.999
823550539	0.2154	0.0463	0.1835	0.5547	0.0105	0.9895	0.0001	0.9999
3323547919	0.2486	0.0012	0.7491	0.0011	0.8831	0.1169	0.0002	0.9998
18968480	0.3209	0.5032	0.122	0.0539	0.9973	0.0027	0.0	1.0
72821065	0.9557	0.0106	0.0321	0.0015	0.997	0.003	0.0	1.0
583012225	0.6613	0.0041	0.3332	0.0015	0.9805	0.0195	0.0	1.0
2827455098	0.2821	0.0011	0.7154	0.0014	0.9005	0.0995	0.0	1.0
823550539	0.2154	0.0463	0.1835	0.5547	0.0105	0.9895	0.0001	0.9999
261136325	0.0716	0.0341	0.0138	0.8805	0.99	0.01	0.0011	0.9989
22829127	0.2352	0.1561	0.0523	0.5564	0.0004	0.9996	0.0048	0.9952
369158562	0.1338	0.5167	0.0315	0.318	0.0108	0.9892	0.7981	0.2019
823550539	0.2154	0.0463	0.1835	0.5547	0.0105	0.9895	0.0001	0.9999
823550539	0.2154	0.0463	0.1835	0.5547	0.0105	0.9895	0.0001	0.9999
786381114138951680	0.0015	0.0009	0.0003	0.9973	0.9977	0.0023	0.0001	0.9999
823550539	0.2154	0.0463	0.1835	0.5547	0.0105	0.9895	0.0001	0.9999
1104904518775402497	0.1252	0.0014	0.8694	0.0039	0.9972	0.0028	0.0001	0.9999
1142776411960164352	0.0	0.0002	0.0001	0.9996	0.9911	0.0089	0.0	1.0
3323547919	0.2486	0.0012	0.7491	0.0011	0.8831	0.1169	0.0002	0.9998
1086514371365224456	0.6001	0.276	0.107	0.0169	0.9961	0.0039	0.0009	0.9991
1652439061	0.3546	0.5883	0.0399	0.0172	0.0128	0.9872	0.0004	0.9996
886219775805804544	0.517	0.1919	0.059	0.2321	0.9957	0.0043	0.0001	0.9999
1247543330	0.1392	0.0118	0.1864	0.6626	0.2293	0.7707	0.9443	0.0557
1086514371365224456	0.6001	0.276	0.107	0.0169	0.9961	0.0039	0.0009	0.9991
174603149	0.8288	0.156	0.011	0.0041	0.0004	0.9996	0.0001	0.9999
33076726	0.077	0.9168	0.0035	0.0027	0.9963	0.0037	0.0003	0.9997
66625087	0.1618	0.3841	0.0297	0.4244	0.9997	0.0003	0.0006	0.9994
489086767	0.3341	0.0124	0.6367	0.0167	0.0067	0.9933	0.0003	0.9997
613167846	0.0489	0.001	0.9493	0.0009	0.8782	0.1218	0.1483	0.8517
823550539	0.2154	0.0463	0.1835	0.5547	0.0105	0.9895	0.0001	0.9999
886219775805804544	0.517	0.1919	0.059	0.2321	0.9957	0.0043	0.0001	0.9999
63477793	0.0709	0.6938	0.2333	0.002	0.9924	0.0076	0.0	1.0
30205962	0.5378	0.1339	0.321	0.0072	0.9358	0.0642	0.0002	0.9998
30205962	0.5378	0.1339	0.321	0.0072	0.9358	0.0642	0.0002	0.9998
719153414274359296	0.4413	0.0774	0.0939	0.3873	0.0073	0.9927	0.001	0.999
710680924	0.874	0.0558	0.0135	0.0566	0.999	0.001	0.0	1.0
70344806	0.063	0.0643	0.0123	0.8603	0.0008	0.9992	0.0	1.0
24056576	0.5897	0.0393	0.3641	0.0069	0.012	0.988	0.4394	0.5606
102045131	0.5972	0.0356	0.2254	0.1417	0.2287	0.7713	0.0026	0.9974
196329102	0.2009	0.7285	0.036	0.0346	0.0119	0.9881	0.0022	0.9978
823550539	0.2154	0.0463	0.1835	0.5547	0.0105	0.9895	0.0001	0.9999
441699470	0.019	0.1764	0.0029	0.8017	0.0001	0.9999	0.0	1.0
124700582	0.067	0.8765	0.0095	0.0471	0.1319	0.8681	0.0001	0.9999
124700582	0.067	0.8765	0.0095	0.0471	0.1319	0.8681	0.0001	0.9999
737448300861759488	0.141	0.7646	0.0116	0.0828	0.9968	0.0032	0.0	1.0
557333386	0.0935	0.0128	0.8921	0.0016	0.9522	0.0478	0.0001	0.9999
823550539	0.2154	0.0463	0.1835	0.5547	0.0105	0.9895	0.0001	0.9999
21835219	0.1553	0.003	0.7925	0.0492	0.5229	0.4771	0.0022	0.9978
823550539	0.2154	0.0463	0.1835	0.5547	0.0105	0.9895	0.0001	0.9999
1041626063577669632	0.2985	0.0032	0.6927	0.0056	0.9164	0.0836	0.0007	0.9993
22279048	0.847	0.0338	0.0925	0.0267	0.03	0.97	0.0001	0.9999
713403	0.02	0.0285	0.0005	0.951	0.0777	0.9223	0.0	1.0
120436286	0.2982	0.3775	0.0194	0.3048	0.0025	0.9975	0.0	1.0
534022355	0.0704	0.5097	0.0219	0.398	0.0368	0.9632	0.0002	0.9998
823550539	0.2154	0.0463	0.1835	0.5547	0.0105	0.9895	0.0001	0.9999
2295666326	0.9425	0.0087	0.0452	0.0036	0.037	0.963	0.0	1.0
20026541	0.0191	0.0266	0.0059	0.9485	0.0011	0.9989	0.0036	0.9964
60505901	0.1103	0.0065	0.8819	0.0012	0.0717	0.9283	0.0005	0.9995
127452607	0.9437	0.0042	0.0505	0.0015	0.9896	0.0104	0.0	1.0
1652439061	0.3546	0.5883	0.0399	0.0172	0.0128	0.9872	0.0004	0.9996
1899124170	0.0044	0.017	0.001	0.9776	0.9955	0.0045	0.8247	0.1753
382548929	0.7998	0.0658	0.118	0.0164	0.9359	0.0641	0.0031	0.9969
254093702	0.0019	0.001	0.0018	0.9954	0.0018	0.9982	0.0028	0.9972
2936137963	0.8365	0.0417	0.0135	0.1082	0.0132	0.9868	0.0	1.0
170238260	0.1478	0.1855	0.0173	0.6494	0.4588	0.5412	0.0001	0.9999
25475641	0.0323	0.1476	0.0087	0.8114	0.0012	0.9988	0.0	1.0
895324410395021312	0.0017	0.9977	0.0001	0.0006	0.0001	0.9999	0.0	1.0
277383649	0.2184	0.3975	0.0746	0.3095	0.0049	0.9951	0.0004	0.9996
220591344	0.967	0.0206	0.0059	0.0064	0.9981	0.0019	0.0002	0.9998
170238260	0.1478	0.1855	0.0173	0.6494	0.4588	0.5412	0.0001	0.9999
354650203	0.3025	0.0011	0.696	0.0004	0.9881	0.0119	0.0	1.0
534187153	0.9195	0.01	0.0349	0.0356	0.9827	0.0173	0.0	1.0
3035876330	0.9163	0.0271	0.054	0.0026	0.9996	0.0004	0.0	1.0
449306256	0.1521	0.8032	0.0128	0.0319	0.9966	0.0034	0.0	1.0
29643234	0.1495	0.0716	0.7721	0.0068	0.9919	0.0081	0.0	1.0
123190171	0.3288	0.4409	0.0265	0.2039	0.0052	0.9948	0.0002	0.9998
1040592140	0.1031	0.7562	0.0629	0.0778	0.0026	0.9974	0.0008	0.9992
1180775616452280320	0.6042	0.0519	0.3206	0.0233	0.9545	0.0455	0.0001	0.9999
51521201	0.9618	0.0337	0.0016	0.0029	0.9993	0.0007	0.0	1.0
3197633576	0.8137	0.0094	0.1716	0.0054	0.9971	0.0029	0.0	1.0
3165710186	0.6954	0.192	0.0884	0.0243	0.9935	0.0065	0.0	1.0
3323547919	0.2486	0.0012	0.7491	0.0011	0.8831	0.1169	0.0002	0.9998
86110483	0.2363	0.1104	0.2845	0.3688	0.9999	0.0001	0.0022	0.9978
3243111470	0.9417	0.0403	0.0168	0.0012	0.9995	0.0005	0.0132	0.9868
1115620952321085440	0.4473	0.0156	0.5221	0.0151	0.7023	0.2977	0.0033	0.9967
783953913019965440	0.0248	0.3935	0.0005	0.5812	0.0002	0.9998	0.0	1.0
823550539	0.2154	0.0463	0.1835	0.5547	0.0105	0.9895	0.0001	0.9999
1080755508653346817	0.5207	0.3113	0.056	0.1121	0.9986	0.0014	0.0001	0.9999
2593201435	0.0497	0.0003	0.9495	0.0005	0.6473	0.3527	0.0002	0.9998
8754612	0.0039	0.4485	0.0002	0.5474	0.0001	0.9999	0.0	1.0
823550539	0.2154	0.0463	0.1835	0.5547	0.0105	0.9895	0.0001	0.9999
24090722	0.5633	0.0863	0.3231	0.0273	0.0046	0.9954	0.0002	0.9998
2265736110	0.6157	0.0684	0.2769	0.0389	0.9849	0.0151	0.0002	0.9998
395908023	0.628	0.0409	0.3157	0.0154	0.9539	0.0461	0.0	1.0
715797023262375936	0.269	0.0037	0.6974	0.0299	0.676	0.324	0.0067	0.9933
228664718	0.6359	0.0786	0.2416	0.0439	0.001	0.999	0.0454	0.9546
252017144	0.4306	0.0574	0.4726	0.0393	0.0128	0.9872	0.0002	0.9998
23912786	0.7934	0.078	0.1228	0.0058	0.9836	0.0164	0.0	1.0
240966260	0.4654	0.0539	0.1941	0.2865	0.0006	0.9994	0.0	1.0
170238260	0.1478	0.1855	0.0173	0.6494	0.4588	0.5412	0.0001	0.9999
18968480	0.3209	0.5032	0.122	0.0539	0.9973	0.0027	0.0	1.0
3187108285	0.4674	0.0743	0.3208	0.1375	0.9515	0.0485	0.0	1.0
2820223897	0.0045	0.9929	0.0006	0.002	0.9937	0.0063	0.0002	0.9998
161563201	0.8928	0.0075	0.0945	0.0053	0.9973	0.0027	0.0	1.0
449306256	0.1521	0.8032	0.0128	0.0319	0.9966	0.0034	0.0	1.0
72238031	0.3689	0.0166	0.2261	0.3884	0.0043	0.9957	0.0001	0.9999
22111680	0.4405	0.01	0.547	0.0025	0.932	0.068	0.0003	0.9997
2988466789	0.0586	0.0409	0.0482	0.8524	0.0027	0.9973	0.0018	0.9982
161563201	0.8928	0.0075	0.0945	0.0053	0.9973	0.0027	0.0	1.0
354650203	0.3025	0.0011	0.696	0.0004	0.9881	0.0119	0.0	1.0
395908023	0.628	0.0409	0.3157	0.0154	0.9539	0.0461	0.0	1.0
2167994365	0.2628	0.0027	0.7316	0.0029	0.6634	0.3366	0.0007	0.9993
732381677687853063	0.824	0.0006	0.1753	0.0001	0.9852	0.0148	0.0	1.0
151882209	0.7937	0.2026	0.0019	0.0018	0.003	0.997	0.0	1.0
26071407	0.4904	0.0407	0.3977	0.0713	0.0082	0.9918	0.0076	0.9924
960423611356950529	0.9194	0.0304	0.0427	0.0075	0.9952	0.0048	0.0	1.0
3308084535	0.7483	0.1104	0.1334	0.0079	0.9964	0.0036	0.0	1.0
186465037	0.8979	0.0551	0.0376	0.0094	0.998	0.002	0.0	1.0
136581359	0.7735	0.0116	0.2085	0.0065	0.5956	0.4044	0.0002	0.9998
786381114138951680	0.0015	0.0009	0.0003	0.9973	0.9977	0.0023	0.0001	0.9999
136581359	0.7735	0.0116	0.2085	0.0065	0.5956	0.4044	0.0002	0.9998
395908023	0.628	0.0409	0.3157	0.0154	0.9539	0.0461	0.0	1.0
823550539	0.2154	0.0463	0.1835	0.5547	0.0105	0.9895	0.0001	0.9999
141789345	0.8157	0.0314	0.1504	0.0025	0.9379	0.0621	0.0012	0.9988
1105326092200505344	0.5352	0.1642	0.2945	0.0061	0.606	0.394	0.0001	0.9999
214059201	0.7726	0.2119	0.0112	0.0044	0.9925	0.0075	0.0	1.0
776324669712375809	0.2382	0.6912	0.0074	0.0631	0.0001	0.9999	0.0	1.0
800641723860799488	0.3268	0.1316	0.2273	0.3142	0.0269	0.9731	0.0085	0.9915
346943151	0.0024	0.001	0.859	0.1376	0.001	0.999	0.0602	0.9398
164649799	0.2397	0.0005	0.7593	0.0005	0.9635	0.0365	0.0	1.0
22428786	0.5107	0.3482	0.1387	0.0024	0.0256	0.9744	0.0	1.0
14866613	0.5684	0.0194	0.3506	0.0616	0.0021	0.9979	0.0	1.0
22428786	0.5107	0.3482	0.1387	0.0024	0.0256	0.9744	0.0	1.0
17075961	0.0769	0.3085	0.0051	0.6095	0.0013	0.9987	0.0	1.0
1081203756555952129	0.0265	0.0002	0.9732	0.0001	0.8757	0.1243	0.0	1.0
22111680	0.4405	0.01	0.547	0.0025	0.932	0.068	0.0003	0.9997
2271750980	0.5686	0.009	0.4037	0.0187	0.9617	0.0383	0.0	1.0
2820223897	0.0045	0.9929	0.0006	0.002	0.9937	0.0063	0.0002	0.9998
777209308551544832	0.7344	0.0018	0.2629	0.0008	0.6519	0.3481	0.001	0.999
823550539	0.2154	0.0463	0.1835	0.5547	0.0105	0.9895	0.0001	0.9999
305934086	0.4844	0.2385	0.0329	0.2443	0.9867	0.0133	0.0007	0.9993
491151645	0.1537	0.8432	0.0024	0.0007	0.9991	0.0009	0.0	1.0
167360830	0.011	0.556	0.0131	0.42	0.0083	0.9917	0.2288	0.7712
1056885152490508289	0.4114	0.0185	0.4506	0.1196	0.2041	0.7959	0.0202	0.9798
823550539	0.2154	0.0463	0.1835	0.5547	0.0105	0.9895	0.0001	0.9999
823550539	0.2154	0.0463	0.1835	0.5547	0.0105	0.9895	0.0001	0.9999
1165080619	0.6947	0.2227	0.0357	0.0469	0.9949	0.0051	0.0	1.0
868101092676050944	0.059	0.8952	0.004	0.0419	0.9995	0.0005	0.0	1.0
2906539788	0.0848	0.0005	0.9135	0.0012	0.9872	0.0128	0.0	1.0
525875778	0.1009	0.3413	0.0082	0.5496	0.0007	0.9993	0.001	0.999
740466265207115776	0.4787	0.0706	0.4427	0.008	0.0113	0.9887	0.0	1.0
40648344	0.6322	0.1041	0.1899	0.0738	0.0266	0.9734	0.0001	0.9999
823550539	0.2154	0.0463	0.1835	0.5547	0.0105	0.9895	0.0001	0.9999
2809828374	0.654	0.3099	0.0222	0.0138	0.0016	0.9984	0.0	1.0
1108565574	0.0002	0.0003	0.0001	0.9995	0.0046	0.9954	0.0045	0.9955
2591068388	0.2167	0.0071	0.7749	0.0013	0.0429	0.9571	0.0034	0.9966
991902483189383168	0.0401	0.0065	0.9519	0.0014	0.0144	0.9856	0.001	0.999
823550539	0.2154	0.0463	0.1835	0.5547	0.0105	0.9895	0.0001	0.9999
119977356	0.7703	0.0027	0.2143	0.0127	0.9951	0.0049	0.0	1.0
1006191138645032963	0.5016	0.0091	0.4727	0.0165	0.9388	0.0612	0.0001	0.9999
868101092676050944	0.059	0.8952	0.004	0.0419	0.9995	0.0005	0.0	1.0
114128072	0.0092	0.6551	0.0008	0.335	0.0004	0.9996	0.0002	0.9998
991902483189383168	0.0401	0.0065	0.9519	0.0014	0.0144	0.9856	0.001	0.999
734703554	0.0317	0.9626	0.0003	0.0053	0.9995	0.0005	0.0	1.0
1006191138645032963	0.5016	0.0091	0.4727	0.0165	0.9388	0.0612	0.0001	0.9999
960423611356950529	0.9194	0.0304	0.0427	0.0075	0.9952	0.0048	0.0	1.0
1006191138645032963	0.5016	0.0091	0.4727	0.0165	0.9388	0.0612	0.0001	0.9999
986277960	0.0809	0.1948	0.0537	0.6707	0.9965	0.0035	0.0	1.0
414453184	0.0014	0.0019	0.0002	0.9965	0.9981	0.0019	0.0005	0.9995
374408898	0.1486	0.6152	0.0228	0.2134	0.9981	0.0019	0.0005	0.9995
38650214	0.0068	0.0217	0.0024	0.9691	0.0147	0.9853	0.0997	0.9003
21466069	0.0016	0.0002	0.0	0.9981	0.9971	0.0029	0.0	1.0
868101092676050944	0.059	0.8952	0.004	0.0419	0.9995	0.0005	0.0	1.0
504266819	0.4093	0.4476	0.074	0.0691	0.9867	0.0133	0.002	0.998
53292926	0.0005	0.0006	0.0002	0.9987	0.9995	0.0005	0.0006	0.9994
907645652	0.0146	0.7364	0.0038	0.2452	0.9863	0.0137	0.0011	0.9989
985388275	0.5907	0.0428	0.3546	0.0119	0.0022	0.9978	0.0	1.0
2983619604	0.7108	0.0563	0.2011	0.0318	0.0023	0.9977	0.0001	0.9999
162266849	0.8147	0.0115	0.1479	0.0259	0.9651	0.0349	0.0013	0.9987
993931969	0.5179	0.0005	0.4811	0.0004	0.856	0.144	0.0	1.0
993931969	0.5179	0.0005	0.4811	0.0004	0.856	0.144	0.0	1.0
396888902	0.7635	0.0392	0.1751	0.0221	0.9894	0.0106	0.0	1.0
864151160	0.0013	0.9884	0.0001	0.0102	0.9572	0.0428	0.0	1.0
3158539489	0.0	0.0	0.0	0.9999	0.3005	0.6995	0.0075	0.9925
2906810304	0.6205	0.0199	0.2276	0.1319	0.1916	0.8084	0.0036	0.9964
401023951	0.3487	0.2132	0.253	0.1852	0.0001	0.9999	0.0	1.0
119977356	0.7703	0.0027	0.2143	0.0127	0.9951	0.0049	0.0	1.0
875180831425220608	0.0012	0.0163	0.0006	0.982	0.0035	0.9965	0.0087	0.9913